"Year","Team","Classification","Conference","Total Games","Total Wins","Total Losses","RegularSeason Games","RegularSeason Wins","RegularSeason Losses","Postseason Games","Postseason Wins","Postseason Losses"
"2024","North Central College","iii","CCIW","15","15","0","13","13","0","2","2","0"
"2024","Montana State","fcs","Big Sky","16","15","1","14","14","0","2","1","1"
"2024","Ferris State","ii","GLIAC","15","14","1","14","13","1","1","1","0"
"2024","Notre Dame","fbs","FBS Independents","16","14","2","12","11","1","4","3","1"
"2024","University of Mount Union","iii","Ohio","15","14","1","13","13","0","2","1","1"
"2024","Ohio State","fbs","Big Ten","16","14","2","12","10","2","4","4","0"
"2024","North Dakota State","fcs","MVFC","16","14","2","14","12","2","2","2","0"
"2024","Valdosta State","ii","Gulf South","15","13","1","14","13","0","1","0","1"
"2024","Oregon","fbs","Big Ten","14","13","1","13","13","0","1","0","1"
"2024","Texas","fbs","SEC","16","13","3","13","11","2","3","2","1"
"2024","Penn State","fbs","Big Ten","16","13","3","13","11","2","3","2","1"
"2024","Salisbury","iii","New Jersey","13","12","1","13","12","1","0","0","0"
"2024","Slippery Rock","ii","Pennsylvania State Athletic","14","12","2","14","12","2","0","0","0"
"2024","South Dakota State","fcs","MVFC","15","12","3","14","12","2","1","0","1"
"2024","Army","fbs","American Athletic","14","12","2","13","11","2","1","1","0"
"2024","Boise State","fbs","Mountain West","14","12","2","13","12","1","1","0","1"
"2024","Harding University","ii","Great American","14","12","2","14","12","2","0","0","0"
"2024","Springfield","iii","NEWMAC","13","12","1","13","12","1","0","0","0"
"2024","Johns Hopkins University","iii","Centennial","14","12","2","13","12","1","1","0","1"
"2024","Susquehanna","iii","Landmark Conference","14","12","2","13","12","1","1","0","1"
"2024","Jackson State","fcs","SWAC","14","12","2","13","11","2","1","1","0"
"2024","BYU","fbs","Big 12","13","11","2","12","10","2","1","1","0"
"2024","Bethel (MN)","iii","Minnesota","14","11","3","14","11","3","0","0","0"
"2024","Mercer","fcs","Southern","14","11","3","14","11","3","0","0","0"
"2024","Georgia","fbs","SEC","14","11","3","13","11","2","1","0","1"
"2024","Minnesota State Mankato","ii","Northern Sun","15","11","4","15","11","4","0","0","0"
"2024","South Dakota","fcs","MVFC","15","11","3","14","11","2","1","0","1"
"2024","Depauw","iii","North Coast","12","11","1","12","11","1","0","0","0"
"2024","Central Oklahoma","ii","Mid America","13","11","2","13","11","2","0","0","0"
"2024","Memphis","fbs","American Athletic","13","11","2","12","10","2","1","1","0"
"2024","Cortland","iii","Empire 8","12","11","1","12","11","1","0","0","0"
"2024","Western Colorado","ii","Rocky Mountain","13","11","2","13","11","2","0","0","0"
"2024","SMU","fbs","ACC","14","11","3","13","11","2","1","0","1"
"2024","University Of Charleston (WV)","ii","Mountain East","12","11","1","12","11","1","0","0","0"
"2024","Iowa State","fbs","Big 12","14","11","3","13","10","3","1","1","0"
"2024","Arizona State","fbs","Big 12","14","11","3","13","11","2","1","0","1"
"2024","Incarnate Word","fcs","Southland","14","11","3","14","11","3","0","0","0"
"2024","Hope College","iii","Michigan","12","11","1","12","11","1","0","0","0"
"2024","Grand Valley State University","ii","GLIAC","13","11","2","13","11","2","0","0","0"
"2024","UC Davis","fcs","Big Sky","14","11","3","14","11","3","0","0","0"
"2024","UNLV","fbs","Mountain West","14","11","3","13","10","3","1","1","0"
"2024","Indiana","fbs","Big Ten","13","11","2","12","11","1","1","0","1"
"2024","Saint John's (MN)","iii","Minnesota","12","11","1","12","11","1","0","0","0"
"2024","Ohio","fbs","Mid-American","14","11","3","13","10","3","1","1","0"
"2024","Rhode Island","fcs","CAA","14","11","3","14","11","3","0","0","0"
"2024","Kutztown University","ii","Pennsylvania State Athletic","12","11","1","12","11","1","0","0","0"
"2024","Kings College (PA)","iii","Mid Atlantic","12","10","2","12","10","2","0","0","0"
"2024","Bemidji State","ii","Northern Sun","14","10","4","14","10","4","0","0","0"
"2024","Tennessee","fbs","SEC","13","10","3","12","10","2","1","0","1"
"2024","Navy","fbs","American Athletic","13","10","3","12","9","3","1","1","0"
"2024","Hardin-Simmons","iii","American Southwest","11","10","1","11","10","1","0","0","0"
"2024","Louisiana","fbs","Sun Belt","14","10","4","13","10","3","1","0","1"
"2024","Syracuse","fbs","ACC","13","10","3","12","9","3","1","1","0"
"2024","Carnegie Mellon","iii","Presidents'","12","10","2","12","10","2","0","0","0"
"2024","Villanova","fcs","CAA","14","10","4","14","10","4","0","0","0"
"2024","Wartburg","iii","American Rivers","12","10","2","12","10","2","0","0","0"
"2024","UMass Dartmouth","iii","MSCAC","11","10","1","11","10","1","0","0","0"
"2024","CSU Pueblo","ii","Rocky Mountain","12","10","2","12","10","2","0","0","0"
"2024","Miami","fbs","ACC","13","10","3","12","10","2","1","0","1"
"2024","Linfield College","iii","Northwest","12","10","2","12","10","2","0","0","0"
"2024","Richmond","fcs","CAA","13","10","3","13","10","3","0","0","0"
"2024","Clemson","fbs","ACC","14","10","4","13","10","3","1","0","1"
"2024","Sam Houston","fbs","Conference USA","13","10","3","12","9","3","1","1","0"
"2024","East Stroudsburg University","ii","Pennsylvania State Athletic","12","10","2","12","10","2","0","0","0"
"2024","Virginia Union","ii","CIAA","14","10","4","14","10","4","0","0","0"
"2024","Lenoir-Rhyne","ii","South Atlantic","13","10","3","13","10","3","0","0","0"
"2024","PennWest California","ii","Pennsylvania State Athletic","13","10","3","13","10","3","0","0","0"
"2024","Tarleton State","fcs","UAC","14","10","4","14","10","4","0","0","0"
"2024","Lake Forest College","iii","Midwest","11","10","1","11","10","1","0","0","0"
"2024","Miles College","ii","SIAC","13","10","3","13","10","3","0","0","0"
"2024","Indianapolis","ii","Great Lakes","12","10","2","12","10","2","0","0","0"
"2024","Randolph-Macon","iii","Old Dominion","12","10","2","12","10","2","0","0","0"
"2024","Missouri","fbs","SEC","13","10","3","12","9","3","1","1","0"
"2024","Endicott College","iii","Commonwealth Coast","12","10","2","12","10","2","0","0","0"
"2024","Ouachita Baptist","ii","Great American","12","10","2","12","10","2","0","0","0"
"2024","Whitworth","iii","Northwest","12","10","2","12","10","2","0","0","0"
"2024","Illinois","fbs","Big Ten","13","10","3","12","9","3","1","1","0"
"2024","Marshall","fbs","Sun Belt","13","10","3","13","10","3","0","0","0"
"2024","Idaho","fcs","Big Sky","14","10","4","14","10","4","0","0","0"
"2024","Ole Miss","fbs","SEC","13","10","3","12","9","3","1","1","0"
"2024","Illinois State","fcs","MVFC","14","10","4","14","10","4","0","0","0"
"2024","Coe College","iii","American Rivers","11","9","2","11","9","2","0","0","0"
"2024","Wisconsin-Platteville","iii","Wisconsin","11","9","2","11","9","2","0","0","0"
"2024","Washington & Jefferson","iii","Presidents'","11","9","2","11","9","2","0","0","0"
"2024","Miami (OH)","fbs","Mid-American","14","9","5","13","8","5","1","1","0"
"2024","Duke","fbs","ACC","13","9","4","12","9","3","1","0","1"
"2024","Alabama","fbs","SEC","13","9","4","12","9","3","1","0","1"
"2024","Jacksonville State","fbs","Conference USA","14","9","5","13","9","4","1","0","1"
"2024","Findlay","ii","Great Midwest Athletic","11","9","2","11","9","2","0","0","0"
"2024","Tulane","fbs","American Athletic","14","9","5","13","9","4","1","0","1"
"2024","John Carroll University","iii","Ohio","12","9","3","12","9","3","0","0","0"
"2024","Ursinus","iii","Centennial","11","9","2","11","9","2","0","0","0"
"2024","Tennessee State","fcs","Big South-OVC","13","9","4","13","9","4","0","0","0"
"2024","Butler","fcs","Pioneer","12","9","3","12","9","3","0","0","0"
"2024","South Carolina State","fcs","MEAC","12","9","3","11","9","2","1","0","1"
"2024","Hobart College","iii","Liberty League","11","9","2","11","9","2","0","0","0"
"2024","Ashland","ii","Great Midwest Athletic","13","9","4","13","9","4","0","0","0"
"2024","Emory & Henry College","ii","South Atlantic","11","9","2","11","9","2","0","0","0"
"2024","Lehigh","fcs","Patriot","13","9","4","13","9","4","0","0","0"
"2024","Buffalo","fbs","Mid-American","13","9","4","12","8","4","1","1","0"
"2024","Abilene Christian","fcs","UAC","14","9","5","14","9","5","0","0","0"
"2024","Southern Arkansas","ii","Great American","11","9","2","11","9","2","0","0","0"
"2024","Grove City College","iii","Presidents'","11","9","2","11","9","2","0","0","0"
"2024","Southeast Missouri State","fcs","Big South-OVC","13","9","4","13","9","4","0","0","0"
"2024","UConn","fbs","FBS Independents","13","9","4","12","8","4","1","1","0"
"2024","Delaware","fcs","CAA","11","9","2","11","9","2","0","0","0"
"2024","TCU","fbs","Big 12","13","9","4","12","8","4","1","1","0"
"2024","LSU","fbs","SEC","13","9","4","12","8","4","1","1","0"
"2024","Carson-Newman College","ii","South Atlantic","12","9","3","12","9","3","0","0","0"
"2024","Kansas State","fbs","Big 12","13","9","4","12","8","4","1","1","0"
"2024","Montana","fcs","Big Sky","14","9","5","14","9","5","0","0","0"
"2024","Aurora","iii","NACC","11","9","2","11","9","2","0","0","0"
"2024","Wingate","ii","South Atlantic","12","9","2","12","9","2","0","0","0"
"2024","UT Martin","fcs","Big South-OVC","14","9","5","14","9","5","0","0","0"
"2024","Maryville College (TN)","iii","USA South","12","9","2","12","9","2","0","0","0"
"2024","Colorado","fbs","Big 12","13","9","4","12","9","3","1","0","1"
"2024","Louisville","fbs","ACC","13","9","4","12","8","4","1","1","0"
"2024","South Carolina","fbs","SEC","13","9","4","12","9","3","1","0","1"
"2024","Angelo State","ii","Lone Star","12","9","3","12","9","3","0","0","0"
"2024","Texas Lutheran","iii","Southern Collegiate Athletic","11","9","2","11","9","2","0","0","0"
"2024","James Madison","fbs","Sun Belt","13","9","4","12","8","4","1","1","0"
"2024","West Alabama","ii","Gulf South","12","9","2","12","9","2","0","0","0"
"2024","Eastern Kentucky","fcs","UAC","13","8","5","13","8","5","0","0","0"
"2024","Monmouth (IL)","iii","Midwest","10","8","2","10","8","2","0","0","0"
"2024","Washington State","fbs","Pac-12","13","8","5","12","8","4","1","0","1"
"2024","Western Kentucky","fbs","Conference USA","14","8","6","13","8","5","1","0","1"
"2024","San Diego","fcs","Pioneer","11","8","3","11","8","3","0","0","0"
"2024","Florida","fbs","SEC","13","8","5","12","7","5","1","1","0"
"2024","New Haven","ii","Northeast 10","11","8","3","11","8","3","0","0","0"
"2024","Bentley","ii","Northeast 10","10","8","2","10","8","2","0","0","0"
"2024","Colorado State","fbs","Mountain West","13","8","5","12","8","4","1","0","1"
"2024","Limestone","ii","South Atlantic","11","8","3","11","8","3","0","0","0"
"2024","Southern","fcs","SWAC","13","8","5","13","8","5","0","0","0"
"2024","Minnesota","fbs","Big Ten","13","8","5","12","7","5","1","1","0"
"2024","Sioux Falls","ii","Northern Sun","11","8","3","11","8","3","0","0","0"
"2024","Johnson C Smith","ii","CIAA","10","8","2","10","8","2","0","0","0"
"2024","Washington University (St. Louis)","iii","CCIW","10","8","2","10","8","2","0","0","0"
"2024","Toledo","fbs","Mid-American","13","8","5","12","7","5","1","1","0"
"2024","Georgia Southern","fbs","Sun Belt","13","8","5","12","8","4","1","0","1"
"2024","Delaware Valley","iii","Mid Atlantic","10","8","2","10","8","2","0","0","0"
"2024","Dartmouth","fcs","Ivy","10","8","2","10","8","2","0","0","0"
"2024","Western Connecticut St","iii","MSCAC","10","8","2","10","8","2","0","0","0"
"2024","Texas A&M","fbs","SEC","13","8","5","12","8","4","1","0","1"
"2024","Wesleyan University (CT)","iii","NESCAC","9","8","1","9","8","1","0","0","0"
"2024","Arkansas State","fbs","Sun Belt","13","8","5","12","7","5","1","1","0"
"2024","Berry College","iii","Southern Athletic","11","8","3","11","8","3","0","0","0"
"2024","Northern Arizona","fcs","Big Sky","13","8","5","13","8","5","0","0","0"
"2024","Alma","iii","Michigan","10","8","2","10","8","2","0","0","0"
"2024","Missouri State","fcs","MVFC","12","8","4","12","8","4","0","0","0"
"2024","Duquesne","fcs","NEC","11","8","3","11","8","3","0","0","0"
"2024","Wisconsin-Lacrosse","iii","Wisconsin","12","8","4","12","8","4","0","0","0"
"2024","Stony Brook","fcs","CAA","12","8","4","12","8","4","0","0","0"
"2024","Michigan","fbs","Big Ten","13","8","5","12","7","5","1","1","0"
"2024","Mount St. Joseph","iii","Heartland","11","8","3","11","8","3","0","0","0"
"2024","Centre College Kentucky","iii","Southern Athletic","11","8","3","11","8","3","0","0","0"
"2024","North Carolina Central","fcs","MEAC","11","8","3","11","8","3","0","0","0"
"2024","Henderson State","ii","Great American","11","8","3","11","8","3","0","0","0"
"2024","Mary Hardin-Baylor","iii","American Southwest","12","8","4","12","8","4","0","0","0"
"2024","Illinois College","iii","Midwest","10","8","2","10","8","2","0","0","0"
"2024","Tiffin","ii","Great Midwest Athletic","11","8","3","11","8","3","0","0","0"
"2024","Wabash College","iii","North Coast","10","8","2","10","8","2","0","0","0"
"2024","Texas State","fbs","Sun Belt","13","8","5","12","7","5","1","1","0"
"2024","Augustana University (SD)","ii","Northern Sun","12","8","4","12","8","4","0","0","0"
"2024","Fort Hays State","ii","Mid America","11","8","3","11","8","3","0","0","0"
"2024","Claremont-Mudd-Scripps College","iii","So. Cal.","10","8","2","10","8","2","0","0","0"
"2024","Iowa","fbs","Big Ten","13","8","5","12","8","4","1","0","1"
"2024","Harvard","fcs","Ivy","10","8","2","10","8","2","0","0","0"
"2024","Pittsburg St","ii","Mid America","11","8","3","11","8","3","0","0","0"
"2024","Shenandoah","iii","Old Dominion","10","8","2","10","8","2","0","0","0"
"2024","Colorado School Of Mines","ii","Rocky Mountain","11","8","3","11","8","3","0","0","0"
"2024","Baylor","fbs","Big 12","13","8","5","12","8","4","1","0","1"
"2024","Central Washington","ii","Lone Star","12","8","4","12","8","4","0","0","0"
"2024","Pomona Pitzer","iii","So. Cal.","11","8","3","11","8","3","0","0","0"
"2024","Marietta","iii","Ohio","10","8","2","10","8","2","0","0","0"
"2024","Wheaton","iii","CCIW","10","8","2","10","8","2","0","0","0"
"2024","Central Missouri","ii","Mid America","11","8","3","11","8","3","0","0","0"
"2024","Northern Illinois","fbs","Mid-American","13","8","5","12","7","5","1","1","0"
"2024","Liberty","fbs","Conference USA","12","8","4","11","8","3","1","0","1"
"2024","New Hampshire","fcs","CAA","13","8","5","13","8","5","0","0","0"
"2024","Drake","fcs","Pioneer","12","8","3","12","8","3","0","0","0"
"2024","Trinity University TX","iii","Southern Athletic","11","8","3","11","8","3","0","0","0"
"2024","Central College","iii","American Rivers","10","8","2","10","8","2","0","0","0"
"2024","East Carolina","fbs","American Athletic","13","8","5","12","7","5","1","1","0"
"2024","Texas Tech","fbs","Big 12","13","8","5","12","8","4","1","0","1"
"2024","SUNY Maritime","iii","NEWMAC","10","7","3","10","7","3","0","0","0"
"2024","Wilkes","iii","Landmark Conference","10","7","3","10","7","3","0","0","0"
"2024","Hanover College","iii","Heartland","10","7","3","10","7","3","0","0","0"
"2024","USC","fbs","Big Ten","13","7","6","12","6","6","1","1","0"
"2024","Pittsburgh","fbs","ACC","13","7","6","12","7","5","1","0","1"
"2024","Chattanooga","fcs","Southern","12","7","5","12","7","5","0","0","0"
"2024","Alfred University","iii","Empire 8","10","7","3","10","7","3","0","0","0"
"2024","South Alabama","fbs","Sun Belt","13","7","6","12","6","6","1","1","0"
"2024","Georgia Tech","fbs","ACC","13","7","6","12","7","5","1","0","1"
"2024","Chapman","iii","So. Cal.","10","7","3","10","7","3","0","0","0"
"2024","San José State","fbs","Mountain West","13","7","6","12","7","5","1","0","1"
"2024","Michigan Tech","ii","GLIAC","11","7","4","11","7","4","0","0","0"
"2024","Arkansas","fbs","SEC","13","7","6","12","6","6","1","1","0"
"2024","Brockport","iii","Empire 8","10","7","3","10","7","3","0","0","0"
"2024","Texas A&M-Kingsville","ii","Lone Star","11","7","4","11","7","4","0","0","0"
"2024","Indiana-Pennsylvania","ii","Pennsylvania State Athletic","10","7","3","10","7","3","0","0","0"
"2024","Saginaw Valley State","ii","GLIAC","11","7","4","11","7","4","0","0","0"
"2024","Robert Morris","fcs","NEC","12","7","5","12","7","5","0","0","0"
"2024","West Florida","ii","Gulf South","10","7","3","10","7","3","0","0","0"
"2024","Tennessee Tech","fcs","Big South-OVC","12","7","5","12","7","5","0","0","0"
"2024","Truman State","ii","Great Lakes","11","7","4","11","7","4","0","0","0"
"2024","Alabama State","fcs","SWAC","12","7","5","12","7","5","0","0","0"
"2024","McMurry","iii","Southern Collegiate Athletic","10","7","3","10","7","3","0","0","0"
"2024","Northwestern (MN)","iii","Upper Midwest","11","7","4","11","7","4","0","0","0"
"2024","Rutgers","fbs","Big Ten","13","7","6","12","7","5","1","0","1"
"2024","Glenville State","ii","Mountain East","11","7","4","11","7","4","0","0","0"
"2024","Wisconsin-Lutheran","iii","NACC","10","7","3","10","7","3","0","0","0"
"2024","Towson","fcs","CAA","12","7","5","12","7","5","0","0","0"
"2024","Vanderbilt","fbs","SEC","13","7","6","12","6","6","1","1","0"
"2024","St. Norbert","iii","NACC","10","7","3","10","7","3","0","0","0"
"2024","Upper Iowa University","ii","Great Lakes","11","7","4","11","7","4","0","0","0"
"2024","Stephen F. Austin","fcs","Southland","12","7","5","12","7","5","0","0","0"
"2024","Wayne State (NE)","ii","Northern Sun","11","7","4","11","7","4","0","0","0"
"2024","Tufts","iii","NESCAC","9","7","2","9","7","2","0","0","0"
"2024","Yale","fcs","Ivy","10","7","3","10","7","3","0","0","0"
"2024","East Tennessee State","fcs","Southern","12","7","5","12","7","5","0","0","0"
"2024","Nebraska","fbs","Big Ten","13","7","6","12","6","6","1","1","0"
"2024","Baldwin Wallace","iii","Ohio","10","7","3","10","7","3","0","0","0"
"2024","Fairmont State","ii","Mountain East","11","7","4","11","7","4","0","0","0"
"2024","Wisconsin-River Falls","iii","Wisconsin","10","7","3","10","7","3","0","0","0"
"2024","Colorado Mesa","ii","Rocky Mountain","11","7","4","11","7","4","0","0","0"
"2024","Davenport","ii","GLIAC","11","7","4","11","7","4","0","0","0"
"2024","UTSA","fbs","American Athletic","13","7","6","12","6","6","1","1","0"
"2024","Boston College","fbs","ACC","13","7","6","12","7","5","1","0","1"
"2024","Winston-Salem","ii","CIAA","10","7","3","10","7","3","0","0","0"
"2024","South Florida","fbs","American Athletic","13","7","6","12","6","6","1","1","0"
"2024","Concordia Moorhead","iii","Minnesota","10","7","3","10","7","3","0","0","0"
"2024","Florida A&M","fcs","SWAC","12","7","5","12","7","5","0","0","0"
"2024","Greenville","iii","Upper Midwest","10","7","3","10","7","3","0","0","0"
"2024","St. Olaf","iii","Minnesota","10","7","3","10","7","3","0","0","0"
"2024","Minnesota Duluth","ii","Northern Sun","11","7","4","11","7","4","0","0","0"
"2024","Emporia State University","ii","Mid America","11","7","4","11","7","4","0","0","0"
"2024","Bowling Green","fbs","Mid-American","13","7","6","12","7","5","1","0","1"
"2024","UT Permian Basin","ii","Lone Star","11","7","4","11","7","4","0","0","0"
"2024","Southern Utah","fcs","UAC","12","7","5","12","7","5","0","0","0"
"2024","Clark Atlanta","ii","SIAC","11","7","3","11","7","3","0","0","0"
"2024","Christopher Newport","iii","New Jersey","10","7","3","10","7","3","0","0","0"
"2024","SE Louisiana","fcs","Southland","12","7","5","12","7","5","0","0","0"
"2024","Virginia St","ii","CIAA","11","7","4","11","7","4","0","0","0"
"2024","Westminster (PA)","iii","Presidents'","10","7","3","10","7","3","0","0","0"
"2024","William & Mary","fcs","CAA","12","7","5","12","7","5","0","0","0"
"2024","Western Carolina","fcs","Southern","12","7","5","12","7","5","0","0","0"
"2024","Morehead State","fcs","Pioneer","12","7","5","12","7","5","0","0","0"
"2024","Albion","iii","Michigan","10","7","3","10","7","3","0","0","0"
"2024","Columbia","fcs","Ivy","10","7","3","10","7","3","0","0","0"
"2024","Pacific Lutheran","iii","Northwest","10","7","3","10","7","3","0","0","0"
"2024","Lamar","fcs","Southland","12","7","5","12","7","5","0","0","0"
"2024","Muhlenberg","iii","Centennial","10","7","3","10","7","3","0","0","0"
"2024","Trinity (CT)","iii","NESCAC","9","7","2","9","7","2","0","0","0"
"2024","Central Connecticut","fcs","NEC","13","7","6","13","7","6","0","0","0"
"2024","Minnesota State Moorhead","ii","Northern Sun","11","6","5","11","6","5","0","0","0"
"2024","Elon","fcs","CAA","12","6","6","12","6","6","0","0","0"
"2024","Shaw","ii","CIAA","10","6","4","10","6","4","0","0","0"
"2024","Coastal Carolina","fbs","Sun Belt","13","6","7","12","6","6","1","0","1"
"2024","Morgan State","fcs","MEAC","12","6","6","12","6","6","0","0","0"
"2024","Dayton","fcs","Pioneer","11","6","5","11","6","5","0","0","0"
"2024","University of Rochester (NY)","iii","Liberty League","10","6","4","10","6","4","0","0","0"
"2024","Bloomsburg","ii","Pennsylvania State Athletic","11","6","5","11","6","5","0","0","0"
"2024","Presbyterian","fcs","Pioneer","12","6","6","12","6","6","0","0","0"
"2024","Husson","iii","Commonwealth Coast","10","6","4","10","6","4","0","0","0"
"2024","North Texas","fbs","American Athletic","13","6","7","12","6","6","1","0","1"
"2024","Davidson","fcs","Pioneer","11","6","5","11","6","5","0","0","0"
"2024","Lafayette","fcs","Patriot","12","6","6","12","6","6","0","0","0"
"2024","Northwest Missouri St","ii","Mid America","11","6","5","11","6","5","0","0","0"
"2024","College Of New Jersey","iii","New Jersey","10","6","4","10","6","4","0","0","0"
"2024","Rowan","iii","New Jersey","10","6","4","10","6","4","0","0","0"
"2024","Assumption","ii","Northeast 10","10","6","4","10","6","4","0","0","0"
"2024","Middlebury","iii","NESCAC","9","6","3","9","6","3","0","0","0"
"2024","Adrian","iii","Michigan","10","6","4","10","6","4","0","0","0"
"2024","Wisconsin-Whitewater","iii","Wisconsin","10","6","4","10","6","4","0","0","0"
"2024","Lagrange College","iii","USA South","10","6","4","10","6","4","0","0","0"
"2024","Wisconsin-Oshkosh","iii","Wisconsin","10","6","4","10","6","4","0","0","0"
"2024","Franklin & Marshall","iii","Centennial","10","6","4","10","6","4","0","0","0"
"2024","McNeese","fcs","Southland","12","6","6","12","6","6","0","0","0"
"2024","FDU-Florham","iii","Mid Atlantic","10","6","4","10","6","4","0","0","0"
"2024","Bridgewater (VA)","iii","Old Dominion","10","6","4","10","6","4","0","0","0"
"2024","Monmouth","fcs","CAA","12","6","6","12","6","6","0","0","0"
"2024","California","fbs","ACC","13","6","7","12","6","6","1","0","1"
"2024","Case Western Reserve","iii","Presidents'","10","6","4","10","6","4","0","0","0"
"2024","Moravian","iii","Landmark Conference","10","6","4","10","6","4","0","0","0"
"2024","Virginia Tech","fbs","ACC","13","6","7","12","6","6","1","0","1"
"2024","Holy Cross","fcs","Patriot","12","6","6","12","6","6","0","0","0"
"2024","Wisconsin-Stout","iii","Wisconsin","10","6","4","10","6","4","0","0","0"
"2024","Hillsdale","ii","Great Midwest Athletic","11","6","5","11","6","5","0","0","0"
"2024","Denison University","iii","North Coast","10","6","4","10","6","4","0","0","0"
"2024","Frostburg State","ii","Mountain East","11","6","5","11","6","5","0","0","0"
"2024","Wheeling","ii","Mountain East","11","6","5","11","6","5","0","0","0"
"2024","Martin Luther","iii","Upper Midwest","10","6","4","10","6","4","0","0","0"
"2024","Fresno State","fbs","Mountain West","13","6","7","12","6","6","1","0","1"
"2024","Alabama A&M","fcs","SWAC","12","6","6","12","6","6","0","0","0"
"2024","St. Thomas (MN)","fcs","Pioneer","12","6","6","12","6","6","0","0","0"
"2024","SUNY Morrisville","iii","Empire 8","10","6","4","10","6","4","0","0","0"
"2024","West Virginia","fbs","Big 12","13","6","7","12","6","6","1","0","1"
"2024","Trine University","iii","Michigan","10","6","4","10","6","4","0","0","0"
"2024","Central Arkansas","fcs","UAC","12","6","6","12","6","6","0","0","0"
"2024","Ithaca College","iii","Liberty League","10","6","4","10","6","4","0","0","0"
"2024","Washington","fbs","Big Ten","13","6","7","12","6","6","1","0","1"
"2024","South Dakota Mines","ii","Rocky Mountain","11","6","5","11","6","5","0","0","0"
"2024","Northwood (MI)","ii","Great Midwest Athletic","11","6","5","11","6","5","0","0","0"
"2024","Livingstone","ii","CIAA","10","6","4","10","6","4","0","0","0"
"2024","Northern State","ii","Northern Sun","11","6","5","11","6","5","0","0","0"
"2024","Concordia-Wisconsin","iii","NACC","9","6","3","9","6","3","0","0","0"
"2024","Western Michigan","fbs","Mid-American","13","6","7","12","6","6","1","0","1"
"2024","UNC Pembroke","ii","Mountain East","11","6","5","11","6","5","0","0","0"
"2024","Western Oregon","ii","Lone Star","11","6","5","11","6","5","0","0","0"
"2024","Western New England","iii","Commonwealth Coast","10","6","4","10","6","4","0","0","0"
"2024","Washington and Lee","iii","Old Dominion","10","6","4","10","6","4","0","0","0"
"2024","North Carolina","fbs","ACC","13","6","7","12","6","6","1","0","1"
"2024","Black Hills State","ii","Rocky Mountain","11","6","5","11","6","5","0","0","0"
"2024","Salve Regina","iii","NEWMAC","10","6","4","10","6","4","0","0","0"
"2024","Alcorn State","fcs","SWAC","12","6","6","12","6","6","0","0","0"
"2024","NC State","fbs","ACC","13","6","7","12","6","6","1","0","1"
"2024","Bucknell","fcs","Patriot","12","6","6","12","6","6","0","0","0"
"2024","Shepherd","ii","Pennsylvania State Athletic","11","6","5","11","6","5","0","0","0"
"2024","Brevard College","iii","USA South","10","6","3","10","6","3","0","0","0"
"2024","Albany State GA","ii","SIAC","10","6","4","10","6","4","0","0","0"
"2024","Worcester Polytechnic Institute","iii","NEWMAC","10","6","4","10","6","4","0","0","0"
"2024","Chicago","iii","Midwest","10","6","4","10","6","4","0","0","0"
"2024","West Virginia State","ii","Mountain East","11","6","5","11","6","5","0","0","0"
"2024","Fort Valley State","ii","SIAC","10","6","4","10","6","4","0","0","0"
"2024","Delta State","ii","Gulf South","11","6","4","11","6","4","0","0","0"
"2024","Oklahoma","fbs","SEC","13","6","7","12","6","6","1","0","1"
"2024","Tuskegee","ii","SIAC","11","5","6","11","5","6","0","0","0"
"2024","Wisconsin","fbs","Big Ten","12","5","7","12","5","7","0","0","0"
"2024","UL Monroe","fbs","Sun Belt","12","5","7","12","5","7","0","0","0"
"2024","Kenyon","iii","North Coast","10","5","5","10","5","5","0","0","0"
"2024","North Park","iii","CCIW","10","5","5","10","5","5","0","0","0"
"2024","Hampton","fcs","CAA","12","5","7","12","5","7","0","0","0"
"2024","Carroll University (WI)","iii","CCIW","10","5","5","10","5","5","0","0","0"
"2024","Lewis & Clark College","iii","Northwest","10","5","5","10","5","5","0","0","0"
"2024","Hawai'i","fbs","Mountain West","12","5","7","12","5","7","0","0","0"
"2024","Maine","fcs","CAA","12","5","7","12","5","7","0","0","0"
"2024","Merchant Marine Academy","iii","NEWMAC","9","5","4","9","5","4","0","0","0"
"2024","Idaho State","fcs","Big Sky","12","5","7","12","5","7","0","0","0"
"2024","Heidelberg","iii","Ohio","10","5","5","10","5","5","0","0","0"
"2024","Hampden-Sydney","iii","Old Dominion","10","5","5","10","5","5","0","0","0"
"2024","Texas Southern","fcs","SWAC","11","5","6","11","5","6","0","0","0"
"2024","Air Force","fbs","Mountain West","12","5","7","12","5","7","0","0","0"
"2024","Stevenson","iii","Mid Atlantic","10","5","5","10","5","5","0","0","0"
"2024","St. Anselm","ii","Northeast 10","10","5","5","10","5","5","0","0","0"
"2024","Rensselaer","iii","Liberty League","10","5","5","10","5","5","0","0","0"
"2024","Winona State","ii","Northern Sun","11","5","6","11","5","6","0","0","0"
"2024","Lindenwood","fcs","Big South-OVC","12","5","7","12","5","7","0","0","0"
"2024","Illinois Wesleyan","iii","CCIW","10","5","5","10","5","5","0","0","0"
"2024","Savannah St","ii","SIAC","10","5","5","10","5","5","0","0","0"
"2024","Houston Christian","fcs","Southland","12","5","7","12","5","7","0","0","0"
"2024","Mars Hill","ii","South Atlantic","10","5","4","10","5","4","0","0","0"
"2024","Arkansas Tech","ii","Great American","11","5","6","11","5","6","0","0","0"
"2024","East Texas Baptist University","iii","American Southwest","9","5","4","9","5","4","0","0","0"
"2024","Eastern University","iii","Mid Atlantic","10","5","5","10","5","5","0","0","0"
"2024","Louisiana Tech","fbs","Conference USA","13","5","8","12","5","7","1","0","1"
"2024","Gustavus Adolphus","iii","Minnesota","10","5","5","10","5","5","0","0","0"
"2024","Quincy","ii","Great Lakes","10","5","4","10","5","4","0","0","0"
"2024","Sacred Heart","fcs","FCS Independents","11","5","6","11","5","6","0","0","0"
"2024","Nebraska-Kearney","ii","Mid America","11","5","6","11","5","6","0","0","0"
"2024","Catholic","iii","Landmark Conference","10","5","5","10","5","5","0","0","0"
"2024","Franklin Pierce","ii","Northeast 10","10","5","5","10","5","5","0","0","0"
"2024","Plymouth State","iii","MSCAC","9","5","4","9","5","4","0","0","0"
"2024","Ferrum","iii","Old Dominion","10","5","5","10","5","5","0","0","0"
"2024","Kansas","fbs","Big 12","12","5","7","12","5","7","0","0","0"
"2024","New Mexico","fbs","Mountain West","12","5","7","12","5","7","0","0","0"
"2024","Prairie View A&M","fcs","SWAC","12","5","7","12","5","7","0","0","0"
"2024","North Dakota","fcs","MVFC","12","5","7","12","5","7","0","0","0"
"2024","Utah","fbs","Big 12","12","5","7","12","5","7","0","0","0"
"2024","Ohio Northern","iii","Ohio","10","5","5","10","5","5","0","0","0"
"2024","Mass Maritime","iii","MSCAC","10","5","5","10","5","5","0","0","0"
"2024","Cincinnati","fbs","Big 12","12","5","7","12","5","7","0","0","0"
"2024","Georgetown","fcs","Patriot","11","5","6","11","5","6","0","0","0"
"2024","Virginia","fbs","ACC","12","5","7","12","5","7","0","0","0"
"2024","Oregon State","fbs","Pac-12","12","5","7","12","5","7","0","0","0"
"2024","East Central (OK)","ii","Great American","11","5","6","11","5","6","0","0","0"
"2024","McKendree","ii","Great Lakes","11","5","6","11","5","6","0","0","0"
"2024","Huntingdon College (AL)","iii","USA South","10","5","5","10","5","5","0","0","0"
"2024","Bridgewater State","iii","MSCAC","10","5","5","10","5","5","0","0","0"
"2024","Lock Haven University","ii","Pennsylvania State Athletic","11","5","6","11","5","6","0","0","0"
"2024","Coast Guard","iii","NEWMAC","10","5","5","10","5","5","0","0","0"
"2024","Carleton","iii","Minnesota","10","5","5","10","5","5","0","0","0"
"2024","West Texas A&M","ii","Lone Star","11","5","6","11","5","6","0","0","0"
"2024","Auburn","fbs","SEC","12","5","7","12","5","7","0","0","0"
"2024","Minot State","ii","Northern Sun","11","5","6","11","5","6","0","0","0"
"2024","App State","fbs","Sun Belt","11","5","6","11","5","6","0","0","0"
"2024","Charlotte","fbs","American Athletic","12","5","7","12","5","7","0","0","0"
"2024","North Greenville","ii","Gulf South","11","5","5","11","5","5","0","0","0"
"2024","Muskingum University","iii","Ohio","10","5","5","10","5","5","0","0","0"
"2024","Michigan State","fbs","Big Ten","12","5","7","12","5","7","0","0","0"
"2024","Merrimack","fcs","FCS Independents","11","5","6","11","5","6","0","0","0"
"2024","William Jewell","ii","Great Lakes","11","5","6","11","5","6","0","0","0"
"2024","Grambling","fcs","SWAC","12","5","7","12","5","7","0","0","0"
"2024","Minnesota Morris","iii","Upper Midwest","10","5","5","10","5","5","0","0","0"
"2024","Benedictine University","iii","NACC","10","5","5","10","5","5","0","0","0"
"2024","UCLA","fbs","Big Ten","12","5","7","12","5","7","0","0","0"
"2024","Dubuque","iii","American Rivers","10","5","5","10","5","5","0","0","0"
"2024","Williams","iii","NESCAC","9","5","4","9","5","4","0","0","0"
"2024","Lebanon Valley","iii","Mid Atlantic","10","5","5","10","5","5","0","0","0"
"2024","Thomas More College","ii","Great Midwest Athletic","11","5","6","11","5","6","0","0","0"
"2024","Pacific (OR)","iii","Northwest","10","5","5","10","5","5","0","0","0"
"2024","Belhaven","iii","USA South","10","5","5","10","5","5","0","0","0"
"2024","Simpson College (IA)","iii","American Rivers","10","5","5","10","5","5","0","0","0"
"2024","Old Dominion","fbs","Sun Belt","12","5","7","12","5","7","0","0","0"
"2024","Southeastern Oklahoma State","ii","Great American","11","5","6","11","5","6","0","0","0"
"2024","Eastern Michigan","fbs","Mid-American","12","5","7","12","5","7","0","0","0"
"2024","Widener","iii","Mid Atlantic","10","5","5","10","5","5","0","0","0"
"2024","Wittenberg","iii","North Coast","10","5","4","10","5","4","0","0","0"
"2024","Rose-Hulman","iii","Heartland","10","5","5","10","5","5","0","0","0"
"2024","The Citadel","fcs","Southern","12","5","7","12","5","7","0","0","0"
"2024","Utica","iii","Empire 8","10","5","5","10","5","5","0","0","0"
"2024","Wofford","fcs","Southern","12","5","7","12","5","7","0","0","0"
"2024","Geneva","iii","Presidents'","10","5","5","10","5","5","0","0","0"
"2024","Cornell College (IA)","iii","Midwest","10","5","5","10","5","5","0","0","0"
"2024","Dickinson (PA)","iii","Centennial","10","5","5","10","5","5","0","0","0"
"2024","Walsh","ii","Great Midwest Athletic","11","5","6","11","5","6","0","0","0"
"2024","St. Scholastica","iii","Minnesota","10","4","6","10","4","6","0","0","0"
"2024","Valparaiso","fcs","Pioneer","12","4","7","12","4","7","0","0","0"
"2024","Wake Forest","fbs","ACC","12","4","8","12","4","8","0","0","0"
"2024","Lane College","ii","SIAC","10","4","6","10","4","6","0","0","0"
"2024","Youngstown State","fcs","MVFC","12","4","8","12","4","8","0","0","0"
"2024","Fayetteville State","ii","CIAA","9","4","5","9","4","5","0","0","0"
"2024","Anna Maria College","iii","ECFC","8","4","4","8","4","4","0","0","0"
"2024","Mercyhurst","fcs","NEC","11","4","7","11","4","7","0","0","0"
"2024","Kalamazoo","iii","Michigan","10","4","6","10","4","6","0","0","0"
"2024","Pennsylvania","fcs","Ivy","10","4","6","10","4","6","0","0","0"
"2024","Arizona","fbs","Big 12","12","4","8","12","4","8","0","0","0"
"2024","Augustana (IL)","iii","CCIW","10","4","6","10","4","6","0","0","0"
"2024","Midwestern State","ii","Lone Star","11","4","7","11","4","7","0","0","0"
"2024","Lakeland","iii","NACC","9","4","5","9","4","5","0","0","0"
"2024","UVA Wise","ii","South Atlantic","11","4","6","11","4","6","0","0","0"
"2024","Florida International","fbs","Conference USA","12","4","8","12","4","8","0","0","0"
"2024","West Georgia","fcs","UAC","11","4","7","11","4","7","0","0","0"
"2024","Samford","fcs","Southern","12","4","7","12","4","7","0","0","0"
"2024","Troy","fbs","Sun Belt","12","4","8","12","4","8","0","0","0"
"2024","Western Illinois","fcs","Big South-OVC","12","4","8","12","4","8","0","0","0"
"2024","Austin Peay","fcs","UAC","12","4","8","12","4","8","0","0","0"
"2024","UCF","fbs","Big 12","12","4","8","12","4","8","0","0","0"
"2024","North Carolina Wesleyan","iii","USA South","10","4","6","10","4","6","0","0","0"
"2024","Norfolk State","fcs","MEAC","12","4","8","12","4","8","0","0","0"
"2024","Augsburg","iii","Minnesota","10","4","6","10","4","6","0","0","0"
"2024","Akron","fbs","Mid-American","12","4","8","12","4","8","0","0","0"
"2024","Gardner-Webb","fcs","Big South-OVC","12","4","8","12","4","8","0","0","0"
"2024","West Chester","ii","Pennsylvania State Athletic","10","4","6","10","4","6","0","0","0"
"2024","Arkansas-Monticello","ii","Great American","11","4","7","11","4","7","0","0","0"
"2024","Indiana State","fcs","MVFC","12","4","8","12","4","8","0","0","0"
"2024","Houston","fbs","Big 12","12","4","8","12","4","8","0","0","0"
"2024","Eastern Washington","fcs","Big Sky","12","4","8","12","4","8","0","0","0"
"2024","Long Island University","fcs","NEC","12","4","8","12","4","8","0","0","0"
"2024","Bowie State","ii","CIAA","10","4","6","10","4","6","0","0","0"
"2024","Nicholls","fcs","Southland","12","4","8","12","4","8","0","0","0"
"2024","Curry College","iii","Commonwealth Coast","10","4","6","10","4","6","0","0","0"
"2024","Hendrix College","iii","Southern Athletic","10","4","6","10","4","6","0","0","0"
"2024","Biddeford","iii","Commonwealth Coast","10","4","6","10","4","6","0","0","0"
"2024","Kentucky","fbs","SEC","12","4","8","12","4","8","0","0","0"
"2024","Central Michigan","fbs","Mid-American","12","4","8","12","4","8","0","0","0"
"2024","Maryland","fbs","Big Ten","12","4","8","12","4","8","0","0","0"
"2024","Ohio Dominican","ii","Great Midwest Athletic","11","4","7","11","4","7","0","0","0"
"2024","Wagner","fcs","NEC","12","4","8","12","4","8","0","0","0"
"2024","Utah State","fbs","Mountain West","12","4","8","12","4","8","0","0","0"
"2024","Millsaps","iii","Southern Athletic","9","4","5","9","4","5","0","0","0"
"2024","Lycoming","iii","Landmark Conference","10","4","6","10","4","6","0","0","0"
"2024","Weber State","fcs","Big Sky","12","4","8","12","4","8","0","0","0"
"2024","Southwestern University","iii","Southern Athletic","10","4","6","10","4","6","0","0","0"
"2024","Waynesburg","iii","Presidents'","10","4","6","10","4","6","0","0","0"
"2024","Missouri Western","ii","Mid America","11","4","7","11","4","7","0","0","0"
"2024","Colby College","iii","NESCAC","9","4","5","9","4","5","0","0","0"
"2024","Ripon","iii","Midwest","10","4","6","10","4","6","0","0","0"
"2024","CENTENARY","iii","Southern Collegiate Athletic","10","4","6","10","4","6","0","0","0"
"2024","Cornell","fcs","Ivy","10","4","6","10","4","6","0","0","0"
"2024","Westfield State","iii","MSCAC","10","4","6","10","4","6","0","0","0"
"2024","Benedict College","ii","SIAC","10","4","6","10","4","6","0","0","0"
"2024","American International","ii","Northeast 10","11","4","7","11","4","7","0","0","0"
"2024","St. Francis (PA)","fcs","NEC","11","4","7","11","4","7","0","0","0"
"2024","Ohio Wesleyan","iii","North Coast","10","4","6","10","4","6","0","0","0"
"2024","Northwestern","fbs","Big Ten","12","4","8","12","4","8","0","0","0"
"2024","Alfred State","iii","ECFC","10","4","6","10","4","6","0","0","0"
"2024","Rice","fbs","American Athletic","12","4","8","12","4","8","0","0","0"
"2024","Missouri S&T","ii","Great Lakes","11","4","7","11","4","7","0","0","0"
"2024","Southern Illinois","fcs","MVFC","12","4","8","12","4","8","0","0","0"
"2024","Southern Connecticut State","ii","Northeast 10","10","4","6","10","4","6","0","0","0"
"2024","Kentucky State","ii","SIAC","10","4","6","10","4","6","0","0","0"
"2024","UAlbany","fcs","CAA","12","4","8","12","4","8","0","0","0"
"2024","Rockford","iii","NACC","10","4","6","10","4","6","0","0","0"
"2024","Howard","fcs","MEAC","12","4","8","12","4","8","0","0","0"
"2024","NEWBERG","iii","Northwest","10","4","6","10","4","6","0","0","0"
"2024","Northern Iowa","fcs","MVFC","12","3","9","12","3","9","0","0","0"
"2024","Franklin","iii","Heartland","10","3","7","10","3","7","0","0","0"
"2024","New Mexico State","fbs","Conference USA","12","3","9","12","3","9","0","0","0"
"2024","Middle Tennessee","fbs","Conference USA","12","3","9","12","3","9","0","0","0"
"2024","Averett","iii","Old Dominion","10","3","7","10","3","7","0","0","0"
"2024","Southern Nazarene","ii","Great American","11","3","8","11","3","8","0","0","0"
"2024","Oklahoma State","fbs","Big 12","12","3","9","12","3","9","0","0","0"
"2024","Temple","fbs","American Athletic","12","3","9","12","3","9","0","0","0"
"2024","Campbell","fcs","CAA","12","3","9","12","3","9","0","0","0"
"2024","Sacramento State","fcs","Big Sky","12","3","9","12","3","9","0","0","0"
"2024","Princeton","fcs","Ivy","10","3","7","10","3","7","0","0","0"
"2024","Gallaudet","iii","ECFC","7","3","4","7","3","4","0","0","0"
"2024","St. Lawrence","iii","Liberty League","9","3","6","9","3","6","0","0","0"
"2024","Gannon","ii","Pennsylvania State Athletic","10","3","7","10","3","7","0","0","0"
"2024","Elizabeth City State","ii","CIAA","10","3","7","10","3","7","0","0","0"
"2024","Shorter","ii","Gulf South","10","3","5","10","3","5","0","0","0"
"2024","Fort Lewis","ii","Rocky Mountain","11","3","8","11","3","8","0","0","0"
"2024","Washburn","ii","Mid America","11","3","8","11","3","8","0","0","0"
"2024","San Diego State","fbs","Mountain West","12","3","9","12","3","9","0","0","0"
"2024","Nichols College","iii","Commonwealth Coast","10","3","7","10","3","7","0","0","0"
"2024","St John Fisher University","iii","Empire 8","10","3","7","10","3","7","0","0","0"
"2024","Edward Waters","ii","SIAC","10","3","7","10","3","7","0","0","0"
"2024","Knox College","iii","Midwest","10","3","7","10","3","7","0","0","0"
"2024","Redlands","iii","So. Cal.","10","3","7","10","3","7","0","0","0"
"2024","Olivet College","iii","Michigan","10","3","7","10","3","7","0","0","0"
"2024","Chowan","ii","Gulf South","10","3","7","10","3","7","0","0","0"
"2024","UTEP","fbs","Conference USA","12","3","9","12","3","9","0","0","0"
"2024","Rhodes College","iii","Southern Athletic","10","3","7","10","3","7","0","0","0"
"2024","Castleton","iii","MSCAC","10","3","7","10","3","7","0","0","0"
"2024","East Texas A&M","fcs","Southland","12","3","9","12","3","9","0","0","0"
"2024","North Alabama","fcs","UAC","12","3","9","12","3","9","0","0","0"
"2024","Eastern Illinois","fcs","Big South-OVC","12","3","9","12","3","9","0","0","0"
"2024","Clarion","ii","Pennsylvania State Athletic","11","3","8","11","3","8","0","0","0"
"2024","Eastern New Mexico","ii","Lone Star","11","3","8","11","3","8","0","0","0"
"2024","Buffalo State","iii","Liberty League","10","3","7","10","3","7","0","0","0"
"2024","Wilson","ii","South Atlantic","11","3","8","11","3","8","0","0","0"
"2024","Furman","fcs","Southern","12","3","8","12","3","8","0","0","0"
"2024","Union (NY)","iii","Liberty League","10","3","7","10","3","7","0","0","0"
"2024","Nebraska Wesleyan","iii","American Rivers","10","3","7","10","3","7","0","0","0"
"2024","Nevada","fbs","Mountain West","13","3","10","13","3","10","0","0","0"
"2024","Brown","fcs","Ivy","10","3","7","10","3","7","0","0","0"
"2024","Southwestern Oklahoma State","ii","Great American","11","3","8","11","3","8","0","0","0"
"2024","Wyoming","fbs","Mountain West","12","3","9","12","3","9","0","0","0"
"2024","Guilford College","iii","Old Dominion","10","3","7","10","3","7","0","0","0"
"2024","Edinboro University","ii","Pennsylvania State Athletic","11","3","8","11","3","8","0","0","0"
"2024","Misericordia","iii","Mid Atlantic","10","3","7","10","3","7","0","0","0"
"2024","Bluffton","iii","Heartland","10","3","7","10","3","7","0","0","0"
"2024","Portland State","fcs","Big Sky","12","3","8","12","3","8","0","0","0"
"2024","Hamline University","iii","Minnesota","10","3","7","10","3","7","0","0","0"
"2024","Tulsa","fbs","American Athletic","12","3","9","12","3","9","0","0","0"
"2024","Thiel","iii","Presidents'","10","3","7","10","3","7","0","0","0"
"2024","Bowdoin","iii","NESCAC","9","3","6","9","3","6","0","0","0"
"2024","Anderson (Sc)","ii","South Atlantic","11","3","8","11","3","8","0","0","0"
"2024","Montclair State","iii","New Jersey","10","3","7","10","3","7","0","0","0"
"2024","Florida Atlantic","fbs","American Athletic","12","3","9","12","3","9","0","0","0"
"2024","Chadron St","ii","Rocky Mountain","11","3","8","11","3","8","0","0","0"
"2024","Elmhurst","iii","CCIW","10","3","7","10","3","7","0","0","0"
"2024","Worcester St","iii","MSCAC","10","3","7","10","3","7","0","0","0"
"2024","Seton Hill","ii","Pennsylvania State Athletic","11","3","8","11","3","8","0","0","0"
"2024","Sul Ross State","ii","Lone Star","11","3","8","11","3","8","0","0","0"
"2024","MIT","iii","NEWMAC","9","3","6","9","3","6","0","0","0"
"2024","Newberry","ii","South Atlantic","11","3","7","11","3","7","0","0","0"
"2024","Arkansas-Pine Bluff","fcs","SWAC","12","3","9","12","3","9","0","0","0"
"2024","Catawba","ii","South Atlantic","11","3","8","11","3","8","0","0","0"
"2024","Framingham State","iii","MSCAC","10","3","7","10","3","7","0","0","0"
"2024","Wooster","iii","North Coast","10","3","7","10","3","7","0","0","0"
"2024","Stanford","fbs","ACC","12","3","9","12","3","9","0","0","0"
"2024","Ball State","fbs","Mid-American","12","3","9","12","3","9","0","0","0"
"2024","Georgia State","fbs","Sun Belt","12","3","9","12","3","9","0","0","0"
"2024","Cal Poly","fcs","Big Sky","11","3","8","11","3","8","0","0","0"
"2024","UAB","fbs","American Athletic","12","3","9","12","3","9","0","0","0"
"2024","Buena Vista","iii","American Rivers","10","2","8","10","2","8","0","0","0"
"2024","New Mexico Highlands","ii","Rocky Mountain","11","2","9","11","2","9","0","0","0"
"2024","Wisconsin-Eau Claire","iii","Wisconsin","10","2","8","10","2","8","0","0","0"
"2024","Lake Erie","ii","Great Midwest Athletic","11","2","9","11","2","9","0","0","0"
"2024","Carthage","iii","CCIW","10","2","8","10","2","8","0","0","0"
"2024","Kentucky Wesleyan","ii","Great Midwest Athletic","11","2","9","11","2","9","0","0","0"
"2024","Concordia University Chicago","iii","NACC","10","2","8","10","2","8","0","0","0"
"2024","Missouri Southern State","ii","Mid America","11","2","9","11","2","9","0","0","0"
"2024","Northwestern Oklahoma State","ii","Great American","11","2","9","11","2","9","0","0","0"
"2024","Apprentice School","iii","Independent DIII","4","2","2","4","2","2","0","0","0"
"2024","Stetson","fcs","Pioneer","12","2","9","12","2","9","0","0","0"
"2024","Bethune-Cookman","fcs","SWAC","12","2","10","12","2","10","0","0","0"
"2024","Amherst","iii","NESCAC","9","2","7","9","2","7","0","0","0"
"2024","Mississippi State","fbs","SEC","12","2","10","12","2","10","0","0","0"
"2024","Wayne State (MI)","ii","GLIAC","11","2","9","11","2","9","0","0","0"
"2024","Austin","iii","Southern Collegiate Athletic","10","2","8","10","2","8","0","0","0"
"2024","Kennesaw State","fbs","Conference USA","12","2","10","12","2","10","0","0","0"
"2024","Gettysburg","iii","Centennial","10","2","8","10","2","8","0","0","0"
"2024","Concordia University St Paul","ii","Northern Sun","11","2","9","11","2","9","0","0","0"
"2024","Shippensburg","ii","Pennsylvania State Athletic","11","2","9","11","2","9","0","0","0"
"2024","Hartwick","iii","Empire 8","10","2","8","10","2","8","0","0","0"
"2024","Grinnell","iii","Midwest","10","2","8","10","2","8","0","0","0"
"2024","Kean","iii","New Jersey","10","2","8","10","2","8","0","0","0"
"2024","Florida State","fbs","ACC","12","2","10","12","2","10","0","0","0"
"2024","Southwest Baptist","ii","Great Lakes","10","2","8","10","2","8","0","0","0"
"2024","Fitchburg State","iii","MSCAC","10","2","8","10","2","8","0","0","0"
"2024","Massachusetts","fbs","FBS Independents","12","2","10","12","2","10","0","0","0"
"2024","Albright","iii","Mid Atlantic","10","2","8","10","2","8","0","0","0"
"2024","Pace","ii","Northeast 10","10","2","8","10","2","8","0","0","0"
"2024","California Lutheran University","iii","So. Cal.","10","2","8","10","2","8","0","0","0"
"2024","Northeastern State","ii","Independent DII","11","2","9","11","2","9","0","0","0"
"2024","Lincoln (PA)","ii","CIAA","10","2","8","10","2","8","0","0","0"
"2024","Bates","iii","NESCAC","9","2","7","9","2","7","0","0","0"
"2024","Oklahoma Baptist","ii","Great American","11","2","9","11","2","9","0","0","0"
"2024","University of Mary","ii","Northern Sun","11","2","9","11","2","9","0","0","0"
"2024","West Liberty","ii","Mountain East","11","2","9","11","2","9","0","0","0"
"2024","Calvin University","iii","Michigan","10","2","8","10","2","8","0","0","0"
"2024","Mississippi College","ii","Gulf South","10","2","8","10","2","8","0","0","0"
"2024","Loras College","iii","American Rivers","10","2","8","10","2","8","0","0","0"
"2024","Willamette","iii","Northwest","10","2","8","10","2","8","0","0","0"
"2024","Anderson (IN)","iii","Heartland","10","2","8","10","2","8","0","0","0"
"2024","Juniata College","iii","Landmark Conference","10","2","8","10","2","8","0","0","0"
"2024","Allen","ii","SIAC","10","2","8","10","2","8","0","0","0"
"2024","Western New Mexico","ii","Lone Star","11","2","9","11","2","9","0","0","0"
"2024","Colgate","fcs","Patriot","12","2","10","12","2","10","0","0","0"
"2024","Fordham","fcs","Patriot","12","2","10","12","2","10","0","0","0"
"2024","Puget Sound","iii","Northwest","10","2","8","10","2","8","0","0","0"
"2024","Sewanee","iii","Southern Athletic","10","2","8","10","2","8","0","0","0"
"2024","Bryant","fcs","CAA","12","2","10","12","2","10","0","0","0"
"2024","Greensboro College","iii","USA South","10","1","9","10","1","9","0","0","0"
"2024","Saint Vincent","iii","Presidents'","10","1","9","10","1","9","0","0","0"
"2024","Mississippi Valley State","fcs","SWAC","12","1","11","12","1","11","0","0","0"
"2024","Stonehill","fcs","NEC","11","1","10","11","1","10","0","0","0"
"2024","Millersville","ii","Pennsylvania State Athletic","11","1","10","11","1","10","0","0","0"
"2024","Charleston Southern","fcs","Big South-OVC","12","1","11","12","1","11","0","0","0"
"2024","Beloit","iii","Midwest","10","1","9","10","1","9","0","0","0"
"2024","Capital","iii","Ohio","10","1","9","10","1","9","0","0","0"
"2024","Reading","iii","Mid Atlantic","10","1","9","10","1","9","0","0","0"
"2024","Keystone","iii","Landmark Conference","10","1","9","10","1","9","0","0","0"
"2024","Oberlin","iii","North Coast","10","1","9","10","1","9","0","0","0"
"2024","Hamilton","iii","NESCAC","9","1","8","9","1","8","0","0","0"
"2024","Murray State","fcs","MVFC","12","1","11","12","1","11","0","0","0"
"2024","LYONCOLL","iii","Southern Collegiate Athletic","10","1","9","10","1","9","0","0","0"
"2024","Wisconsin-Stevens Pt","iii","Wisconsin","10","1","9","10","1","9","0","0","0"
"2024","North Carolina A&T","fcs","CAA","12","1","11","12","1","11","0","0","0"
"2024","Utah Tech","fcs","UAC","12","1","11","12","1","11","0","0","0"
"2024","Marist","fcs","Pioneer","11","1","10","11","1","10","0","0","0"
"2024","VMI","fcs","Southern","12","1","11","12","1","11","0","0","0"
"2024","Purdue","fbs","Big Ten","12","1","11","12","1","11","0","0","0"
"2024","Wilmington (OH)","iii","Ohio","10","1","9","10","1","9","0","0","0"
"2024","Roosevelt","ii","GLIAC","10","1","9","10","1","9","0","0","0"
"2024","Westminster College (MO)","iii","Upper Midwest","10","1","9","10","1","9","0","0","0"
"2024","Central State (OH)","ii","SIAC","10","1","9","10","1","9","0","0","0"
"2024","Bethany (WV)","iii","Presidents'","10","1","9","10","1","9","0","0","0"
"2024","Southern Virginia","iii","USA South","10","1","9","10","1","9","0","0","0"
"2024","Concord University","ii","Mountain East","11","1","10","11","1","10","0","0","0"
"2024","Post University","ii","Northeast 10","10","1","9","10","1","9","0","0","0"
"2024","Bluefield State","ii","CIAA","10","1","9","10","1","9","0","0","0"
"2024","Southern Miss","fbs","Sun Belt","12","1","11","12","1","11","0","0","0"
"2024","Lincoln (MO)","ii","Great Lakes","11","1","10","11","1","10","0","0","0"
"2024","Northern Colorado","fcs","Big Sky","12","1","11","12","1","11","0","0","0"
"2024","Lawrence University","iii","Midwest","10","1","9","10","1","9","0","0","0"
"2024","Allegheny","iii","Presidents'","10","1","9","10","1","9","0","0","0"
"2024","Crown College","iii","Upper Midwest","10","1","9","10","1","9","0","0","0"
"2024","ERSKINE","ii","Gulf South","10","1","8","10","1","8","0","0","0"
"2024","McDaniel College","iii","Centennial","10","1","9","10","1","9","0","0","0"
"2024","Howard Payne","iii","American Southwest","9","1","8","9","1","8","0","0","0"
"2024","Methodist","iii","USA South","10","1","9","10","1","9","0","0","0"
"2024","Morehouse College","ii","SIAC","10","1","9","10","1","9","0","0","0"
"2024","William Paterson","iii","New Jersey","10","1","9","10","1","9","0","0","0"
"2024","Luther","iii","American Rivers","10","1","9","10","1","9","0","0","0"
"2024","Delaware State","fcs","MEAC","12","1","11","12","1","11","0","0","0"
"2024","Greeneville","ii","South Atlantic","10","1","9","10","1","9","0","0","0"
"2024","Otterbein","iii","Ohio","10","1","9","10","1","9","0","0","0"
"2024","Manchester","iii","Heartland","10","0","10","10","0","10","0","0","0"
"2024","La Verne","iii","So. Cal.","10","0","10","10","0","10","0","0","0"
"2024","Northwestern State","fcs","Southland","12","0","12","12","0","12","0","0","0"
"2024","Southwest Minnesota State","ii","Northern Sun","11","0","11","11","0","11","0","0","0"
"2024","Adams State","ii","Rocky Mountain","11","0","11","11","0","11","0","0","0"
"2024","Dean College","iii","ECFC","8","0","8","8","0","8","0","0","0"
"2024","Macalester","iii","Minnesota","10","0","10","10","0","10","0","0","0"
"2024","Oklahoma Panhandle St","ii","Independent DII","1","0","1","1","0","1","0","0","0"
"2024","Hiram College","iii","North Coast","10","0","9","10","0","9","0","0","0"
"2024","Northern Michigan","ii","GLIAC","11","0","11","11","0","11","0","0","0"
"2024","West Virginia Wesleyan","ii","Mountain East","11","0","11","11","0","11","0","0","0"
"2024","Norwich","iii","NEWMAC","10","0","10","10","0","10","0","0","0"
"2024","Eureka College","iii","NACC","10","0","10","10","0","10","0","0","0"
"2024","Maine Maritime","iii","Independent DIII","3","0","3","3","0","3","0","0","0"
"2024","Millikin","iii","CCIW","10","0","10","10","0","10","0","0","0"
"2024","Lincoln (CA)","ii","Independent DII","11","0","11","11","0","11","0","0","0"
"2024","Kent State","fbs","Mid-American","12","0","12","12","0","12","0","0","0"
"2024","Hilbert College","iii","Empire 8","10","0","10","10","0","10","0","0","0"
