Rank,School,Link,Conference,Total Revenue,Total Expenses,Total Allocated,Link,Percent Allocated,School,Link
1,Ohio State,https://sportsdata.usatoday.com/ncaa/finances/204796,Big 10,"$251,615,345 ","$225,733,418 ",$0*,https://sportsdata.usatoday.com/ncaa/#,0.00%,Ohio State,https://sportsdata.usatoday.com/ncaa/finances/204796
2,Texas,https://sportsdata.usatoday.com/ncaa/finances/228778,Big 12,"$239,290,648 ","$225,153,011 ",$0*,https://sportsdata.usatoday.com/ncaa/#,0.00%,Texas,https://sportsdata.usatoday.com/ncaa/finances/228778
3,Alabama,https://sportsdata.usatoday.com/ncaa/finances/100751,SEC,"$214,365,357 ","$195,881,911 ","$11,378,871*",https://sportsdata.usatoday.com/ncaa/#,5.31%,Alabama,https://sportsdata.usatoday.com/ncaa/finances/100751
4,Michigan,https://sportsdata.usatoday.com/ncaa/finances/170976,Big 10,"$210,652,287 ","$193,559,375 ","$153,059*",https://sportsdata.usatoday.com/ncaa/#,0.07%,Michigan,https://sportsdata.usatoday.com/ncaa/finances/170976
5,Georgia,https://sportsdata.usatoday.com/ncaa/finances/139959,SEC,"$203,048,566 ","$169,026,503 ","$3,530,802*",https://sportsdata.usatoday.com/ncaa/#,1.74%,Georgia,https://sportsdata.usatoday.com/ncaa/finances/139959
6,LSU,https://sportsdata.usatoday.com/ncaa/finances/159391,SEC,"$199,309,382 ","$192,770,399 ",$0*,https://sportsdata.usatoday.com/ncaa/#,0.00%,LSU,https://sportsdata.usatoday.com/ncaa/finances/159391
7,Texas A&M,https://sportsdata.usatoday.com/ncaa/finances/228723,SEC,"$193,139,619 ","$177,671,900 ",$0 ,,0.00%,Texas A&M,https://sportsdata.usatoday.com/ncaa/finances/228723
8,Florida,https://sportsdata.usatoday.com/ncaa/finances/134130,SEC,"$190,417,139 ","$174,365,070 ","$2,706,111*",https://sportsdata.usatoday.com/ncaa/#,1.42%,Florida,https://sportsdata.usatoday.com/ncaa/finances/134130
9,Penn State,https://sportsdata.usatoday.com/ncaa/finances/214777,Big 10,"$181,227,448 ","$170,542,050 ",$0 ,,0.00%,Penn State,https://sportsdata.usatoday.com/ncaa/finances/214777
10,Oklahoma,https://sportsdata.usatoday.com/ncaa/finances/207500,Big 12,"$177,320,217 ","$175,997,457 ",$0*,https://sportsdata.usatoday.com/ncaa/#,0.00%,Oklahoma,https://sportsdata.usatoday.com/ncaa/finances/207500
11,Auburn,https://sportsdata.usatoday.com/ncaa/finances/100858,SEC,"$174,568,442 ","$151,590,763 ","$15,561,411*",https://sportsdata.usatoday.com/ncaa/#,8.91%,Auburn,https://sportsdata.usatoday.com/ncaa/finances/100858
12,Michigan State,https://sportsdata.usatoday.com/ncaa/finances/171100,Big 10,"$172,799,513 ","$156,449,795 ","$1,358,948*",https://sportsdata.usatoday.com/ncaa/#,0.79%,Michigan State,https://sportsdata.usatoday.com/ncaa/finances/171100
13,Indiana,https://sportsdata.usatoday.com/ncaa/finances/151351,Big 10,"$166,761,471 ","$132,392,596 ","$2,708,975 ",,1.62%,Indiana,https://sportsdata.usatoday.com/ncaa/finances/151351
14,Virginia,https://sportsdata.usatoday.com/ncaa/finances/234076,ACC,"$161,916,231 ","$150,584,173 ","$24,468,843 ",,15.11%,Virginia,https://sportsdata.usatoday.com/ncaa/finances/234076
15,Florida State,https://sportsdata.usatoday.com/ncaa/finances/134097,ACC,"$161,141,884 ","$150,777,734 ","$22,289,212 ",,13.83%,Florida State,https://sportsdata.usatoday.com/ncaa/finances/134097
16,Kentucky,https://sportsdata.usatoday.com/ncaa/finances/157085,SEC,"$159,079,024 ","$153,621,183 ",$0*,https://sportsdata.usatoday.com/ncaa/#,0.00%,Kentucky,https://sportsdata.usatoday.com/ncaa/finances/157085
17,Clemson,https://sportsdata.usatoday.com/ncaa/finances/217882,ACC,"$158,283,618 ","$143,356,820 ","$6,387,497 ",,4.04%,Clemson,https://sportsdata.usatoday.com/ncaa/finances/217882
18,Tennessee,https://sportsdata.usatoday.com/ncaa/finances/221759,SEC,"$154,566,935 ","$157,108,637 ","$204,849*",https://sportsdata.usatoday.com/ncaa/#,0.13%,Tennessee,https://sportsdata.usatoday.com/ncaa/finances/221759
19,Oregon,https://sportsdata.usatoday.com/ncaa/finances/209551,Pac-12,"$153,510,555 ","$140,565,297 ","$530,816 ",,0.35%,Oregon,https://sportsdata.usatoday.com/ncaa/finances/209551
20,Arkansas,https://sportsdata.usatoday.com/ncaa/finances/106397,SEC,"$152,513,755 ","$144,319,041 ",$0*,https://sportsdata.usatoday.com/ncaa/#,0.00%,Arkansas,https://sportsdata.usatoday.com/ncaa/finances/106397
21,Iowa,https://sportsdata.usatoday.com/ncaa/finances/153658,Big 10,"$151,483,092 ","$151,144,861 ","$650,000 ",,0.43%,Iowa,https://sportsdata.usatoday.com/ncaa/finances/153658
22,Wisconsin,https://sportsdata.usatoday.com/ncaa/finances/240444,Big 10,"$150,100,977 ","$147,807,183 ","$3,028,185*",https://sportsdata.usatoday.com/ncaa/#,2.02%,Wisconsin,https://sportsdata.usatoday.com/ncaa/finances/240444
23,Louisville,https://sportsdata.usatoday.com/ncaa/finances/157289,ACC,"$146,225,965 ","$139,978,927 ","$6,067,836 ",,4.15%,Louisville,https://sportsdata.usatoday.com/ncaa/finances/157289
24,Illinois,https://sportsdata.usatoday.com/ncaa/finances/145637,Big 10,"$145,735,330 ","$129,119,247 ","$10,145,405*",https://sportsdata.usatoday.com/ncaa/#,6.96%,Illinois,https://sportsdata.usatoday.com/ncaa/finances/145637
25,Washington,https://sportsdata.usatoday.com/ncaa/finances/236948,Pac-12,"$145,184,864 ","$149,458,923 ","$15,082,998 ",,10.39%,Washington,https://sportsdata.usatoday.com/ncaa/finances/236948
26,Nebraska,https://sportsdata.usatoday.com/ncaa/finances/181464,Big 10,"$143,423,944 ","$131,181,951 ",$0*,https://sportsdata.usatoday.com/ncaa/#,0.00%,Nebraska,https://sportsdata.usatoday.com/ncaa/finances/181464
27,South Carolina,https://sportsdata.usatoday.com/ncaa/finances/218663,SEC,"$142,210,807 ","$144,815,377 ","$1,086,848*",https://sportsdata.usatoday.com/ncaa/#,0.76%,South Carolina,https://sportsdata.usatoday.com/ncaa/finances/218663
28,Missouri,https://sportsdata.usatoday.com/ncaa/finances/178396,SEC,"$141,157,028 ","$125,621,128 ","$13,157,427 ",,9.32%,Missouri,https://sportsdata.usatoday.com/ncaa/finances/178396
29,Minnesota,https://sportsdata.usatoday.com/ncaa/finances/174066,Big 10,"$135,198,272 ","$130,285,463 ","$7,986,732 ",,5.91%,Minnesota,https://sportsdata.usatoday.com/ncaa/finances/174066
30,Mississippi,https://sportsdata.usatoday.com/ncaa/finances/176017,SEC,"$133,557,937 ","$138,796,990 ","$4,074,525*",https://sportsdata.usatoday.com/ncaa/#,3.05%,Mississippi,https://sportsdata.usatoday.com/ncaa/finances/176017
31,Arizona,https://sportsdata.usatoday.com/ncaa/finances/104179,Pac-12,"$124,353,539 ","$124,944,926 ","$31,112,818 ",,25.02%,Arizona,https://sportsdata.usatoday.com/ncaa/finances/104179
32,North Carolina,https://sportsdata.usatoday.com/ncaa/finances/199120,ACC,"$122,603,567 ","$120,314,967 ","$9,603,022 ",,7.83%,North Carolina,https://sportsdata.usatoday.com/ncaa/finances/199120
33,Arizona State,https://sportsdata.usatoday.com/ncaa/finances/104151,Pac-12,"$121,079,615 ","$124,008,192 ","$19,253,112*",https://sportsdata.usatoday.com/ncaa/#,15.90%,Arizona State,https://sportsdata.usatoday.com/ncaa/finances/104151
34,California,https://sportsdata.usatoday.com/ncaa/finances/110635,Pac-12,"$118,212,179 ","$114,485,848 ","$29,129,403*",https://sportsdata.usatoday.com/ncaa/#,24.64%,California,https://sportsdata.usatoday.com/ncaa/finances/110635
35,Kansas,https://sportsdata.usatoday.com/ncaa/finances/155317,Big 12,"$118,020,175 ","$108,696,078 ","$1,516,194 ",,1.28%,Kansas,https://sportsdata.usatoday.com/ncaa/finances/155317
36,Utah,https://sportsdata.usatoday.com/ncaa/finances/230764,Pac-12,"$115,719,266 ","$111,880,434 ","$13,516,660 ",,11.68%,Utah,https://sportsdata.usatoday.com/ncaa/finances/230764
37,Purdue,https://sportsdata.usatoday.com/ncaa/finances/243780,Big 10,"$115,139,432 ","$93,025,810 ",$0 ,,0.00%,Purdue,https://sportsdata.usatoday.com/ncaa/finances/243780
38,Virginia Tech,https://sportsdata.usatoday.com/ncaa/finances/233921,ACC,"$113,000,052 ","$117,777,441 ","$14,193,159 ",,12.56%,Virginia Tech,https://sportsdata.usatoday.com/ncaa/finances/233921
39,Iowa State,https://sportsdata.usatoday.com/ncaa/finances/153603,Big 12,"$111,287,492 ","$111,227,458 ","$1,847,367 ",,1.66%,Iowa State,https://sportsdata.usatoday.com/ncaa/finances/153603
40,Mississippi State,https://sportsdata.usatoday.com/ncaa/finances/176080,SEC,"$110,653,367 ","$105,841,622 ",$0*,https://sportsdata.usatoday.com/ncaa/#,0.00%,Mississippi State,https://sportsdata.usatoday.com/ncaa/finances/176080
41,Texas Tech,https://sportsdata.usatoday.com/ncaa/finances/229115,Big 12,"$110,154,695 ","$104,778,443 ","$5,830,118 ",,5.29%,Texas Tech,https://sportsdata.usatoday.com/ncaa/finances/229115
42,Rutgers,https://sportsdata.usatoday.com/ncaa/finances/186380,Big 10,"$109,601,529 ","$138,439,077 ","$24,034,296 ",,21.93%,Rutgers,https://sportsdata.usatoday.com/ncaa/finances/186380
43,Maryland,https://sportsdata.usatoday.com/ncaa/finances/163286,Big 10,"$107,526,374 ","$114,385,462 ","$15,252,530 ",,14.18%,Maryland,https://sportsdata.usatoday.com/ncaa/finances/163286
44,Georgia Tech,https://sportsdata.usatoday.com/ncaa/finances/139755,ACC,"$106,635,094 ","$104,719,581 ","$11,865,676 ",,11.13%,Georgia Tech,https://sportsdata.usatoday.com/ncaa/finances/139755
45,West Virginia,https://sportsdata.usatoday.com/ncaa/finances/238032,Big 12,"$105,193,311 ","$97,067,706 ","$8,887,649 ",,8.45%,West Virginia,https://sportsdata.usatoday.com/ncaa/finances/238032
46,Oklahoma State,https://sportsdata.usatoday.com/ncaa/finances/207388,Big 12,"$104,404,398 ","$103,317,156 ","$13,009,612 ",,12.46%,Oklahoma State,https://sportsdata.usatoday.com/ncaa/finances/207388
47,UCLA,https://sportsdata.usatoday.com/ncaa/finances/110662,Pac-12,"$103,061,344 ","$131,106,913 ","$2,577,213 ",,2.50%,UCLA,https://sportsdata.usatoday.com/ncaa/finances/110662
48,North Carolina State,https://sportsdata.usatoday.com/ncaa/finances/199193,ACC,"$102,387,569 ","$100,991,410 ","$7,011,627 ",,6.85%,North Carolina State,https://sportsdata.usatoday.com/ncaa/finances/199193
49,Kansas State,https://sportsdata.usatoday.com/ncaa/finances/155399,Big 12,"$100,822,204 ","$82,220,606 ",$0 ,,0.00%,Kansas State,https://sportsdata.usatoday.com/ncaa/finances/155399
50,Connecticut,https://sportsdata.usatoday.com/ncaa/finances/129020,Big East,"$99,041,960 ","$96,742,518 ","$55,341,505*",https://sportsdata.usatoday.com/ncaa/#,55.88%,Connecticut,https://sportsdata.usatoday.com/ncaa/finances/129020
51,Colorado,https://sportsdata.usatoday.com/ncaa/finances/126614,Pac-12,"$94,873,830 ","$95,968,696 ","$11,889,383 ",,12.53%,Colorado,https://sportsdata.usatoday.com/ncaa/finances/126614
52,Central Florida,https://sportsdata.usatoday.com/ncaa/finances/132903,AAC,"$89,228,205 ","$69,099,289 ","$48,795,899 ",,54.69%,Central Florida,https://sportsdata.usatoday.com/ncaa/finances/132903
53,Washington State,https://sportsdata.usatoday.com/ncaa/finances/236939,Pac-12,"$85,028,825 ","$83,691,991 ","$15,363,703 ",,18.07%,Washington State,https://sportsdata.usatoday.com/ncaa/finances/236939
54,Oregon State,https://sportsdata.usatoday.com/ncaa/finances/209542,Pac-12,"$83,480,015 ","$87,729,627 ","$11,122,141 ",,13.32%,Oregon State,https://sportsdata.usatoday.com/ncaa/finances/209542
55,Cincinnati,https://sportsdata.usatoday.com/ncaa/finances/201885,AAC,"$83,344,028 ","$75,902,262 ","$26,913,237 ",,32.29%,Cincinnati,https://sportsdata.usatoday.com/ncaa/finances/201885
56,Houston,https://sportsdata.usatoday.com/ncaa/finances/225511,AAC,"$78,088,086 ","$73,806,404 ","$48,451,950 ",,62.05%,Houston,https://sportsdata.usatoday.com/ncaa/finances/225511
57,Air Force,https://sportsdata.usatoday.com/ncaa/finances/128328,MWC,"$76,587,462 ","$67,422,052 ","$51,798,077 ",,67.63%,Air Force,https://sportsdata.usatoday.com/ncaa/finances/128328
58,San Diego State,https://sportsdata.usatoday.com/ncaa/finances/122409,MWC,"$65,897,302 ","$67,245,917 ","$28,525,799 ",,43.29%,San Diego State,https://sportsdata.usatoday.com/ncaa/finances/122409
59,Nevada-Las Vegas,https://sportsdata.usatoday.com/ncaa/finances/182281,MWC,"$64,243,413 ","$62,644,050 ","$24,656,056 ",,38.38%,Nevada-Las Vegas,https://sportsdata.usatoday.com/ncaa/finances/182281
60,Memphis,https://sportsdata.usatoday.com/ncaa/finances/220862,AAC,"$62,174,875 ","$62,174,875 ","$29,872,328 ",,48.05%,Memphis,https://sportsdata.usatoday.com/ncaa/finances/220862
61,Colorado State,https://sportsdata.usatoday.com/ncaa/finances/126818,MWC,"$61,263,230 ","$61,220,502 ","$28,227,758 ",,46.08%,Colorado State,https://sportsdata.usatoday.com/ncaa/finances/126818
62,James Madison,https://sportsdata.usatoday.com/ncaa/finances/232423,SBC,"$57,800,447 ","$57,800,447 ","$47,040,732 ",,81.38%,James Madison,https://sportsdata.usatoday.com/ncaa/finances/232423
63,South Florida,https://sportsdata.usatoday.com/ncaa/finances/137351,AAC,"$56,110,830 ","$62,288,597 ","$28,529,881 ",,50.85%,South Florida,https://sportsdata.usatoday.com/ncaa/finances/137351
64,East Carolina,https://sportsdata.usatoday.com/ncaa/finances/198464,AAC,"$54,964,121 ","$54,133,021 ","$24,215,366 ",,44.06%,East Carolina,https://sportsdata.usatoday.com/ncaa/finances/198464
65,Fresno State,https://sportsdata.usatoday.com/ncaa/finances/110556,MWC,"$54,124,579 ","$46,515,828 ","$23,252,181*",https://sportsdata.usatoday.com/ncaa/#,42.96%,Fresno State,https://sportsdata.usatoday.com/ncaa/finances/110556
66,Massachusetts,https://sportsdata.usatoday.com/ncaa/finances/166629,A10,"$53,639,818 ","$52,853,964 ","$41,719,711 ",,77.78%,Massachusetts,https://sportsdata.usatoday.com/ncaa/finances/166629
67,Old Dominion,https://sportsdata.usatoday.com/ncaa/finances/232982,SBC,"$53,419,653 ","$51,914,920 ","$31,258,633 ",,58.52%,Old Dominion,https://sportsdata.usatoday.com/ncaa/finances/232982
68,Boise State,https://sportsdata.usatoday.com/ncaa/finances/142115,MWC,"$50,569,147 ","$50,328,947 ","$16,594,786 ",,32.82%,Boise State,https://sportsdata.usatoday.com/ncaa/finances/142115
69,Wyoming,https://sportsdata.usatoday.com/ncaa/finances/240727,MWC,"$50,255,884 ","$47,146,999 ","$20,672,209*",https://sportsdata.usatoday.com/ncaa/#,41.13%,Wyoming,https://sportsdata.usatoday.com/ncaa/finances/240727
70,Hawaii,https://sportsdata.usatoday.com/ncaa/finances/141574,BigWst,"$49,422,827 ","$48,029,141 ","$29,364,270 ",,59.41%,Hawaii,https://sportsdata.usatoday.com/ncaa/finances/141574
71,Nevada,https://sportsdata.usatoday.com/ncaa/finances/182290,MWC,"$47,946,637 ","$45,228,707 ","$23,209,325 ",,48.41%,Nevada,https://sportsdata.usatoday.com/ncaa/finances/182290
72,Georgia State,https://sportsdata.usatoday.com/ncaa/finances/139940,SBC,"$45,666,910 ","$39,913,963 ","$27,457,063 ",,60.12%,Georgia State,https://sportsdata.usatoday.com/ncaa/finances/139940
73,Coastal Carolina,https://sportsdata.usatoday.com/ncaa/finances/218724,SBC,"$45,443,779 ","$45,443,779 ","$38,455,490 ",,84.62%,Coastal Carolina,https://sportsdata.usatoday.com/ncaa/finances/218724
74,New Mexico,https://sportsdata.usatoday.com/ncaa/finances/187985,MWC,"$44,881,065 ","$44,865,758 ","$18,641,600 ",,41.54%,New Mexico,https://sportsdata.usatoday.com/ncaa/finances/187985
75,North Texas,https://sportsdata.usatoday.com/ncaa/finances/227216,CUSA,"$44,477,324 ","$44,222,540 ","$33,326,873 ",,74.93%,North Texas,https://sportsdata.usatoday.com/ncaa/finances/227216
76,California-Davis,https://sportsdata.usatoday.com/ncaa/finances/110644,BigWst,"$44,275,782 ","$40,909,557 ","$35,482,389 ",,80.14%,California-Davis,https://sportsdata.usatoday.com/ncaa/finances/110644
77,Virginia Commonwealth,https://sportsdata.usatoday.com/ncaa/finances/234030,A10,"$43,201,616 ","$41,887,842 ","$32,238,795 ",,74.62%,Virginia Commonwealth,https://sportsdata.usatoday.com/ncaa/finances/234030
78,Utah State,https://sportsdata.usatoday.com/ncaa/finances/230728,MWC,"$43,157,838 ","$42,824,185 ","$24,341,550 ",,56.40%,Utah State,https://sportsdata.usatoday.com/ncaa/finances/230728
79,Charlotte,https://sportsdata.usatoday.com/ncaa/finances/199139,CUSA,"$41,261,880 ","$39,381,134 ","$27,244,479 ",,66.03%,Charlotte,https://sportsdata.usatoday.com/ncaa/finances/199139
80,Florida International,https://sportsdata.usatoday.com/ncaa/finances/133951,CUSA,"$41,043,885 ","$39,433,624 ","$29,961,971 ",,73.00%,Florida International,https://sportsdata.usatoday.com/ncaa/finances/133951
81,Buffalo,https://sportsdata.usatoday.com/ncaa/finances/196088,MAC,"$40,192,255 ","$39,537,565 ","$31,835,303 ",,79.21%,Buffalo,https://sportsdata.usatoday.com/ncaa/finances/196088
82,Marshall,https://sportsdata.usatoday.com/ncaa/finances/237525,SBC,"$39,338,519 ","$39,350,986 ","$23,248,630 ",,59.10%,Marshall,https://sportsdata.usatoday.com/ncaa/finances/237525
83,Florida Atlantic,https://sportsdata.usatoday.com/ncaa/finances/133669,CUSA,"$39,201,524 ","$38,132,721 ","$22,884,788 ",,58.38%,Florida Atlantic,https://sportsdata.usatoday.com/ncaa/finances/133669
84,Western Michigan,https://sportsdata.usatoday.com/ncaa/finances/172699,MAC,"$39,162,014 ","$34,422,527 ","$26,309,236 ",,67.18%,Western Michigan,https://sportsdata.usatoday.com/ncaa/finances/172699
85,South Alabama,https://sportsdata.usatoday.com/ncaa/finances/102094,SBC,"$39,119,983 ","$33,001,239 ","$28,922,453 ",,73.93%,South Alabama,https://sportsdata.usatoday.com/ncaa/finances/102094
86,San Jose State,https://sportsdata.usatoday.com/ncaa/finances/122755,MWC,"$39,030,222 ","$39,030,022 ","$23,620,166 ",,60.52%,San Jose State,https://sportsdata.usatoday.com/ncaa/finances/122755
87,Central Michigan,https://sportsdata.usatoday.com/ncaa/finances/169248,MAC,"$39,002,244 ","$34,284,909 ","$27,739,345 ",,71.12%,Central Michigan,https://sportsdata.usatoday.com/ncaa/finances/169248
88,Appalachian State,https://sportsdata.usatoday.com/ncaa/finances/197869,SBC,"$38,542,661 ","$38,565,701 ","$18,639,762*",https://sportsdata.usatoday.com/ncaa/#,48.36%,Appalachian State,https://sportsdata.usatoday.com/ncaa/finances/197869
89,Alabama at Birmingham,https://sportsdata.usatoday.com/ncaa/finances/100663,CUSA,"$38,351,074 ","$39,890,894 ","$24,151,002 ",,62.97%,Alabama at Birmingham,https://sportsdata.usatoday.com/ncaa/finances/100663
90,Texas-San Antonio,https://sportsdata.usatoday.com/ncaa/finances/229027,CUSA,"$38,183,028 ","$39,156,362 ","$23,864,888 ",,62.50%,Texas-San Antonio,https://sportsdata.usatoday.com/ncaa/finances/229027
91,Miami (Ohio),https://sportsdata.usatoday.com/ncaa/finances/204024,MAC,"$38,076,046 ","$37,880,709 ","$25,993,771*",https://sportsdata.usatoday.com/ncaa/#,68.27%,Miami (Ohio),https://sportsdata.usatoday.com/ncaa/finances/204024
92,Texas State,https://sportsdata.usatoday.com/ncaa/finances/228459,SBC,"$37,288,587 ","$37,853,450 ","$27,402,513 ",,73.49%,Texas State,https://sportsdata.usatoday.com/ncaa/finances/228459
93,California Polytechnic,https://sportsdata.usatoday.com/ncaa/finances/110422,BigWst,"$37,134,737 ","$35,998,471 ","$27,346,027 ",,73.64%,California Polytechnic,https://sportsdata.usatoday.com/ncaa/finances/110422
94,Stony Brook,https://sportsdata.usatoday.com/ncaa/finances/196097,CAA,"$37,027,808 ","$38,944,967 ","$31,682,489 ",,85.56%,Stony Brook,https://sportsdata.usatoday.com/ncaa/finances/196097
95,Sacramento State,https://sportsdata.usatoday.com/ncaa/finances/110617,BigSky,"$35,893,960 ","$35,004,647 ","$30,237,148*",https://sportsdata.usatoday.com/ncaa/#,84.24%,Sacramento State,https://sportsdata.usatoday.com/ncaa/finances/110617
96,Middle Tennessee,https://sportsdata.usatoday.com/ncaa/finances/220978,CUSA,"$35,614,512 ","$35,614,512 ","$23,654,687*",https://sportsdata.usatoday.com/ncaa/#,66.42%,Middle Tennessee,https://sportsdata.usatoday.com/ncaa/finances/220978
97,Toledo,https://sportsdata.usatoday.com/ncaa/finances/206084,MAC,"$35,602,789 ","$35,602,789 ","$21,780,790 ",,61.18%,Toledo,https://sportsdata.usatoday.com/ncaa/finances/206084
98,George Mason,https://sportsdata.usatoday.com/ncaa/finances/232186,A10,"$35,162,841 ","$30,290,482 ","$27,432,512 ",,78.02%,George Mason,https://sportsdata.usatoday.com/ncaa/finances/232186
99,Western Kentucky,https://sportsdata.usatoday.com/ncaa/finances/157951,CUSA,"$35,142,710 ","$35,142,710 ","$22,141,424*",https://sportsdata.usatoday.com/ncaa/#,63.00%,Western Kentucky,https://sportsdata.usatoday.com/ncaa/finances/157951
100,Binghamton,https://sportsdata.usatoday.com/ncaa/finances/196079,AmEast,"$34,835,289 ","$23,851,280 ","$21,148,772 ",,60.71%,Binghamton,https://sportsdata.usatoday.com/ncaa/finances/196079
101,Troy,https://sportsdata.usatoday.com/ncaa/finances/102368,SBC,"$33,355,524 ","$33,355,524 ","$24,737,619 ",,74.16%,Troy,https://sportsdata.usatoday.com/ncaa/finances/102368
102,Texas-El Paso,https://sportsdata.usatoday.com/ncaa/finances/228796,CUSA,"$33,131,210 ","$34,370,528 ","$19,552,006 ",,59.01%,Texas-El Paso,https://sportsdata.usatoday.com/ncaa/finances/228796
103,New Hampshire,https://sportsdata.usatoday.com/ncaa/finances/183044,AmEast,"$33,102,605 ","$31,716,448 ","$24,156,209*",https://sportsdata.usatoday.com/ncaa/#,72.97%,New Hampshire,https://sportsdata.usatoday.com/ncaa/finances/183044
104,Eastern Michigan,https://sportsdata.usatoday.com/ncaa/finances/169798,MAC,"$33,040,581 ","$33,040,581 ","$22,129,655 ",,66.98%,Eastern Michigan,https://sportsdata.usatoday.com/ncaa/finances/169798
105,Louisiana-Lafayette,https://sportsdata.usatoday.com/ncaa/finances/160658,SBC,"$33,021,554 ","$38,364,254 ","$17,821,395 ",,53.97%,Louisiana-Lafayette,https://sportsdata.usatoday.com/ncaa/finances/160658
106,Kennesaw State,https://sportsdata.usatoday.com/ncaa/finances/140164,Asun,"$32,970,444 ","$25,862,921 ","$26,563,653 ",,80.57%,Kennesaw State,https://sportsdata.usatoday.com/ncaa/finances/140164
107,Arkansas State,https://sportsdata.usatoday.com/ncaa/finances/106458,SBC,"$32,376,515 ","$32,376,515 ","$15,245,126 ",,47.09%,Arkansas State,https://sportsdata.usatoday.com/ncaa/finances/106458
108,Rhode Island,https://sportsdata.usatoday.com/ncaa/finances/217484,A10,"$31,993,515 ","$33,139,455 ","$24,593,744 ",,76.87%,Rhode Island,https://sportsdata.usatoday.com/ncaa/finances/217484
109,William & Mary,https://sportsdata.usatoday.com/ncaa/finances/231624,CAA,"$30,941,310 ","$30,727,683 ","$16,939,865 ",,54.75%,William & Mary,https://sportsdata.usatoday.com/ncaa/finances/231624
110,North Dakota,https://sportsdata.usatoday.com/ncaa/finances/200280,Summit,"$30,859,877 ","$30,837,768 ","$14,777,751 ",,47.89%,North Dakota,https://sportsdata.usatoday.com/ncaa/finances/200280
111,Georgia Southern,https://sportsdata.usatoday.com/ncaa/finances/139931,SBC,"$30,700,262 ","$30,700,262 ","$19,272,029 ",,62.77%,Georgia Southern,https://sportsdata.usatoday.com/ncaa/finances/139931
112,Akron,https://sportsdata.usatoday.com/ncaa/finances/200800,MAC,"$30,498,496 ","$30,290,134 ","$19,973,110 ",,65.49%,Akron,https://sportsdata.usatoday.com/ncaa/finances/200800
113,New Mexico State,https://sportsdata.usatoday.com/ncaa/finances/188030,WAC,"$30,350,192 ","$32,457,148 ","$18,731,176*",https://sportsdata.usatoday.com/ncaa/#,61.72%,New Mexico State,https://sportsdata.usatoday.com/ncaa/finances/188030
114,Missouri State,https://sportsdata.usatoday.com/ncaa/finances/179566,MVC,"$29,915,772 ","$29,915,772 ","$18,340,650 ",,61.31%,Missouri State,https://sportsdata.usatoday.com/ncaa/finances/179566
115,Illinois State,https://sportsdata.usatoday.com/ncaa/finances/145813,MVC,"$29,899,837 ","$29,834,680 ","$20,879,963 ",,69.83%,Illinois State,https://sportsdata.usatoday.com/ncaa/finances/145813
116,Ohio,https://sportsdata.usatoday.com/ncaa/finances/204857,MAC,"$29,335,290 ","$31,309,063 ","$19,276,584 ",,65.71%,Ohio,https://sportsdata.usatoday.com/ncaa/finances/204857
117,North Dakota State,https://sportsdata.usatoday.com/ncaa/finances/200332,Summit,"$29,295,443 ","$28,432,381 ","$7,598,441*",https://sportsdata.usatoday.com/ncaa/#,25.94%,North Dakota State,https://sportsdata.usatoday.com/ncaa/finances/200332
118,Montana,https://sportsdata.usatoday.com/ncaa/finances/180489,BigSky,"$28,970,312 ","$22,515,985 ","$10,039,442*",https://sportsdata.usatoday.com/ncaa/#,34.65%,Montana,https://sportsdata.usatoday.com/ncaa/finances/180489
119,California-San Diego,https://sportsdata.usatoday.com/ncaa/finances/122436,BigWst,"$28,899,588 ","$24,652,947 ","$26,946,504 ",,93.24%,California-San Diego,https://sportsdata.usatoday.com/ncaa/finances/122436
120,Ball State,https://sportsdata.usatoday.com/ncaa/finances/150136,MAC,"$28,804,851 ","$28,526,892 ","$19,993,730 ",,69.41%,Ball State,https://sportsdata.usatoday.com/ncaa/finances/150136
121,Louisiana Tech,https://sportsdata.usatoday.com/ncaa/finances/159647,CUSA,"$28,693,958 ","$28,294,724 ","$15,999,149 ",,55.76%,Louisiana Tech,https://sportsdata.usatoday.com/ncaa/finances/159647
122,Wichita State,https://sportsdata.usatoday.com/ncaa/finances/156125,AAC,"$28,611,561 ","$25,668,918 ","$9,415,986 ",,32.91%,Wichita State,https://sportsdata.usatoday.com/ncaa/finances/156125
123,Kent State,https://sportsdata.usatoday.com/ncaa/finances/203517,MAC,"$28,605,618 ","$29,613,870 ","$16,858,135 ",,58.93%,Kent State,https://sportsdata.usatoday.com/ncaa/finances/203517
124,Towson,https://sportsdata.usatoday.com/ncaa/finances/164076,CAA,"$28,568,909 ","$28,156,444 ","$22,913,423*",https://sportsdata.usatoday.com/ncaa/#,80.20%,Towson,https://sportsdata.usatoday.com/ncaa/finances/164076
125,Southern Mississippi,https://sportsdata.usatoday.com/ncaa/finances/176372,SBC,"$28,361,867 ","$28,346,698 ","$14,474,018 ",,51.03%,Southern Mississippi,https://sportsdata.usatoday.com/ncaa/finances/176372
126,Albany,https://sportsdata.usatoday.com/ncaa/finances/196060,AmEast,"$27,295,306 ","$27,056,948 ","$21,250,608 ",,77.85%,Albany,https://sportsdata.usatoday.com/ncaa/finances/196060
127,Montana State,https://sportsdata.usatoday.com/ncaa/finances/180461,BigSky,"$26,410,575 ","$26,119,361 ","$11,972,150 ",,45.33%,Montana State,https://sportsdata.usatoday.com/ncaa/finances/180461
128,Nebraska-Omaha,https://sportsdata.usatoday.com/ncaa/finances/181394,Summit,"$25,890,688 ","$21,502,666 ","$16,065,567 ",,62.05%,Nebraska-Omaha,https://sportsdata.usatoday.com/ncaa/finances/181394
129,Northern Arizona,https://sportsdata.usatoday.com/ncaa/finances/105330,BigSky,"$25,750,579 ","$25,388,969 ","$21,118,498 ",,82.01%,Northern Arizona,https://sportsdata.usatoday.com/ncaa/finances/105330
130,Bowling Green,https://sportsdata.usatoday.com/ncaa/finances/201441,MAC,"$25,573,967 ","$25,353,769 ","$13,760,180 ",,53.81%,Bowling Green,https://sportsdata.usatoday.com/ncaa/finances/201441
131,South Dakota State,https://sportsdata.usatoday.com/ncaa/finances/219356,Summit,"$25,570,541 ","$23,399,570 ","$12,267,251 ",,47.97%,South Dakota State,https://sportsdata.usatoday.com/ncaa/finances/219356
132,Maine,https://sportsdata.usatoday.com/ncaa/finances/161253,AmEast,"$25,063,461 ","$24,291,873 ","$19,247,506 ",,76.80%,Maine,https://sportsdata.usatoday.com/ncaa/finances/161253
133,California-Irvine,https://sportsdata.usatoday.com/ncaa/finances/110653,BigWst,"$24,937,907 ","$25,162,739 ","$20,366,865 ",,81.67%,California-Irvine,https://sportsdata.usatoday.com/ncaa/finances/110653
134,Maryland-Baltimore Cty,https://sportsdata.usatoday.com/ncaa/finances/163268,AmEast,"$23,488,196 ","$18,788,921 ","$21,217,973*",https://sportsdata.usatoday.com/ncaa/#,90.33%,Maryland-Baltimore Cty,https://sportsdata.usatoday.com/ncaa/finances/163268
135,Wisconsin-Milwaukee,https://sportsdata.usatoday.com/ncaa/finances/240453,Hor,"$23,311,589 ","$14,415,250 ","$20,822,707 ",,89.32%,Wisconsin-Milwaukee,https://sportsdata.usatoday.com/ncaa/finances/240453
136,Stephen F. Austin,https://sportsdata.usatoday.com/ncaa/finances/228431,WAC,"$23,217,377 ","$23,492,261 ","$17,735,154 ",,76.39%,Stephen F. Austin,https://sportsdata.usatoday.com/ncaa/finances/228431
137,College of Charleston,https://sportsdata.usatoday.com/ncaa/finances/217819,CAA,"$23,201,574 ","$22,217,391 ","$17,774,511 ",,76.61%,College of Charleston,https://sportsdata.usatoday.com/ncaa/finances/217819
138,Vermont,https://sportsdata.usatoday.com/ncaa/finances/231174,AmEast,"$23,196,348 ","$23,169,941 ","$17,170,000 ",,74.02%,Vermont,https://sportsdata.usatoday.com/ncaa/finances/231174
139,Idaho,https://sportsdata.usatoday.com/ncaa/finances/142285,BigSky,"$23,013,225 ","$22,289,958 ","$14,611,262 ",,63.49%,Idaho,https://sportsdata.usatoday.com/ncaa/finances/142285
140,Massachusetts-Lowell,https://sportsdata.usatoday.com/ncaa/finances/166513,AmEast,"$22,547,158 ","$22,192,454 ","$19,678,437 ",,87.28%,Massachusetts-Lowell,https://sportsdata.usatoday.com/ncaa/finances/166513
141,Northern Colorado,https://sportsdata.usatoday.com/ncaa/finances/127741,BigSky,"$22,439,916 ","$18,973,253 ","$13,752,149*",https://sportsdata.usatoday.com/ncaa/#,61.28%,Northern Colorado,https://sportsdata.usatoday.com/ncaa/finances/127741
142,South Dakota,https://sportsdata.usatoday.com/ncaa/finances/219471,Summit,"$22,184,268 ","$22,446,314 ","$13,796,533 ",,62.19%,South Dakota,https://sportsdata.usatoday.com/ncaa/finances/219471
143,Northern Illinois,https://sportsdata.usatoday.com/ncaa/finances/147703,MAC,"$22,177,045 ","$24,097,387 ","$12,159,935 ",,54.83%,Northern Illinois,https://sportsdata.usatoday.com/ncaa/finances/147703
144,East Tennessee State,https://sportsdata.usatoday.com/ncaa/finances/220075,SoCon,"$22,173,333 ","$22,173,333 ","$14,038,354*",https://sportsdata.usatoday.com/ncaa/#,63.31%,East Tennessee State,https://sportsdata.usatoday.com/ncaa/finances/220075
145,California State-Fullerton,https://sportsdata.usatoday.com/ncaa/finances/110565,BigWst,"$21,983,747 ","$21,983,747 ","$19,564,478 ",,89.00%,California State-Fullerton,https://sportsdata.usatoday.com/ncaa/finances/110565
146,California-Santa Barbara,https://sportsdata.usatoday.com/ncaa/finances/110705,BigWst,"$21,720,136 ","$24,902,464 ","$17,227,883 ",,79.32%,California-Santa Barbara,https://sportsdata.usatoday.com/ncaa/finances/110705
147,Sam Houston State,https://sportsdata.usatoday.com/ncaa/finances/227881,WAC,"$21,690,534 ","$20,951,301 ","$15,140,708 ",,69.80%,Sam Houston State,https://sportsdata.usatoday.com/ncaa/finances/227881
148,Long Beach State,https://sportsdata.usatoday.com/ncaa/finances/110583,BigWst,"$21,434,487 ","$25,797,936 ","$16,796,176 ",,78.36%,Long Beach State,https://sportsdata.usatoday.com/ncaa/finances/110583
149,California State-Northridge,https://sportsdata.usatoday.com/ncaa/finances/110608,BigWst,"$21,090,545 ","$20,101,511 ","$19,744,945 ",,93.62%,California State-Northridge,https://sportsdata.usatoday.com/ncaa/finances/110608
150,Tennessee-Chattanooga,https://sportsdata.usatoday.com/ncaa/finances/221740,SoCon,"$21,051,127 ","$21,051,127 ","$14,982,898 ",,71.17%,Tennessee-Chattanooga,https://sportsdata.usatoday.com/ncaa/finances/221740
151,New Jersey Tech,https://sportsdata.usatoday.com/ncaa/finances/185828,AmEast,"$20,660,097 ","$20,064,224 ","$19,195,963*",https://sportsdata.usatoday.com/ncaa/#,92.91%,New Jersey Tech,https://sportsdata.usatoday.com/ncaa/finances/185828
152,Jacksonville State,https://sportsdata.usatoday.com/ncaa/finances/101480,Asun,"$20,288,342 ","$20,288,342 ","$15,531,042 ",,76.55%,Jacksonville State,https://sportsdata.usatoday.com/ncaa/finances/101480
153,Eastern Kentucky,https://sportsdata.usatoday.com/ncaa/finances/156620,Asun,"$19,440,010 ","$19,440,010 ","$15,403,393 ",,79.24%,Eastern Kentucky,https://sportsdata.usatoday.com/ncaa/finances/156620
154,Louisiana-Monroe,https://sportsdata.usatoday.com/ncaa/finances/159993,SBC,"$19,119,368 ","$20,527,424 ","$10,179,185 ",,53.24%,Louisiana-Monroe,https://sportsdata.usatoday.com/ncaa/finances/159993
155,Lamar,https://sportsdata.usatoday.com/ncaa/finances/226091,SthLnd,"$18,882,235 ","$18,854,203 ","$13,585,383 ",,71.95%,Lamar,https://sportsdata.usatoday.com/ncaa/finances/226091
156,Southern Illinois,https://sportsdata.usatoday.com/ncaa/finances/149222,MVC,"$18,739,324 ","$22,028,920 ","$11,092,049 ",,59.19%,Southern Illinois,https://sportsdata.usatoday.com/ncaa/finances/149222
157,Indiana State,https://sportsdata.usatoday.com/ncaa/finances/151324,MVC,"$18,656,224 ","$17,903,701 ","$13,240,127 ",,70.97%,Indiana State,https://sportsdata.usatoday.com/ncaa/finances/151324
158,Murray State,https://sportsdata.usatoday.com/ncaa/finances/157401,MVC,"$18,597,756 ","$19,210,384 ","$12,857,020*",https://sportsdata.usatoday.com/ncaa/#,69.13%,Murray State,https://sportsdata.usatoday.com/ncaa/finances/157401
159,North Carolina Greensboro,https://sportsdata.usatoday.com/ncaa/finances/199148,SoCon,"$18,432,746 ","$17,118,048 ","$15,048,768 ",,81.64%,North Carolina Greensboro,https://sportsdata.usatoday.com/ncaa/finances/199148
160,Tarleton State,https://sportsdata.usatoday.com/ncaa/finances/228529,WAC,"$18,308,489 ","$18,048,307 ","$14,759,932 ",,80.62%,Tarleton State,https://sportsdata.usatoday.com/ncaa/finances/228529
161,Citadel,https://sportsdata.usatoday.com/ncaa/finances/217864,SoCon,"$18,209,217 ","$18,019,405 ","$10,855,111 ",,59.61%,Citadel,https://sportsdata.usatoday.com/ncaa/finances/217864
162,Illinois-Chicago,https://sportsdata.usatoday.com/ncaa/finances/145600,MVC,"$18,193,225 ","$19,336,276 ","$15,400,231 ",,84.65%,Illinois-Chicago,https://sportsdata.usatoday.com/ncaa/finances/145600
163,Southern,https://sportsdata.usatoday.com/ncaa/finances/160621,SWAC,"$18,190,798 ","$18,585,316 ","$13,172,423 ",,72.41%,Southern,https://sportsdata.usatoday.com/ncaa/finances/160621
164,Texas-Arlington,https://sportsdata.usatoday.com/ncaa/finances/228769,WAC,"$17,996,376 ","$18,542,203 ","$14,772,967 ",,82.09%,Texas-Arlington,https://sportsdata.usatoday.com/ncaa/finances/228769
165,Utah Valley,https://sportsdata.usatoday.com/ncaa/finances/230737,WAC,"$17,816,209 ","$18,906,619 ","$14,784,832 ",,82.99%,Utah Valley,https://sportsdata.usatoday.com/ncaa/finances/230737
166,Youngstown State,https://sportsdata.usatoday.com/ncaa/finances/206695,Hor,"$17,773,160 ","$17,773,159 ","$12,996,486 ",,73.12%,Youngstown State,https://sportsdata.usatoday.com/ncaa/finances/206695
167,California-Riverside,https://sportsdata.usatoday.com/ncaa/finances/110671,BigWst,"$17,692,802 ","$16,789,734 ","$16,043,635 ",,90.68%,California-Riverside,https://sportsdata.usatoday.com/ncaa/finances/110671
168,Austin Peay,https://sportsdata.usatoday.com/ncaa/finances/219602,Asun,"$17,641,703 ","$17,644,953 ","$13,072,545 ",,74.10%,Austin Peay,https://sportsdata.usatoday.com/ncaa/finances/219602
169,Oakland,https://sportsdata.usatoday.com/ncaa/finances/171571,Hor,"$17,619,216 ","$17,325,703 ","$13,556,681 ",,76.94%,Oakland,https://sportsdata.usatoday.com/ncaa/finances/171571
170,Northern Iowa,https://sportsdata.usatoday.com/ncaa/finances/154095,MVC,"$17,603,463 ","$19,819,613 ","$9,371,580 ",,53.24%,Northern Iowa,https://sportsdata.usatoday.com/ncaa/finances/154095
171,Florida Gulf Coast,https://sportsdata.usatoday.com/ncaa/finances/433660,Asun,"$17,583,497 ","$17,286,852 ","$11,283,055 ",,64.17%,Florida Gulf Coast,https://sportsdata.usatoday.com/ncaa/finances/433660
172,Tennessee Tech,https://sportsdata.usatoday.com/ncaa/finances/221847,OVC,"$17,547,092 ","$16,565,077 ","$14,220,420 ",,81.04%,Tennessee Tech,https://sportsdata.usatoday.com/ncaa/finances/221847
173,Central Arkansas,https://sportsdata.usatoday.com/ncaa/finances/106704,Asun,"$17,502,833 ","$17,096,473 ","$13,572,734*",https://sportsdata.usatoday.com/ncaa/#,77.55%,Central Arkansas,https://sportsdata.usatoday.com/ncaa/finances/106704
174,Southern Utah,https://sportsdata.usatoday.com/ncaa/finances/230603,WAC,"$17,259,008 ","$16,254,960 ","$13,094,521 ",,75.87%,Southern Utah,https://sportsdata.usatoday.com/ncaa/finances/230603
175,California State-Bakersfield,https://sportsdata.usatoday.com/ncaa/finances/110486,BigWst,"$17,216,224 ","$17,053,029 ","$14,771,342 ",,85.80%,California State-Bakersfield,https://sportsdata.usatoday.com/ncaa/finances/110486
176,Portland State,https://sportsdata.usatoday.com/ncaa/finances/209807,BigSky,"$16,839,891 ","$16,160,881 ","$13,931,043 ",,82.73%,Portland State,https://sportsdata.usatoday.com/ncaa/finances/209807
177,Northern Kentucky,https://sportsdata.usatoday.com/ncaa/finances/157447,Hor,"$16,467,014 ","$16,521,511 ","$13,525,219 ",,82.14%,Northern Kentucky,https://sportsdata.usatoday.com/ncaa/finances/157447
178,Western Carolina,https://sportsdata.usatoday.com/ncaa/finances/200004,SoCon,"$16,396,597 ","$17,040,389 ","$11,355,000 ",,69.25%,Western Carolina,https://sportsdata.usatoday.com/ncaa/finances/200004
179,North Carolina A&T,https://sportsdata.usatoday.com/ncaa/finances/199102,CAA,"$16,372,030 ","$15,829,584 ","$12,770,399 ",,78.00%,North Carolina A&T,https://sportsdata.usatoday.com/ncaa/finances/199102
180,Delaware State,https://sportsdata.usatoday.com/ncaa/finances/130934,MEAC,"$16,211,290 ","$16,211,290 ","$14,947,002 ",,92.20%,Delaware State,https://sportsdata.usatoday.com/ncaa/finances/130934
181,Texas-Rio Grande Valley,https://sportsdata.usatoday.com/ncaa/finances/227368,WAC,"$16,091,645 ","$14,543,584 ","$13,500,273 ",,83.90%,Texas-Rio Grande Valley,https://sportsdata.usatoday.com/ncaa/finances/227368
182,Central Connecticut,https://sportsdata.usatoday.com/ncaa/finances/128771,NEC,"$16,043,570 ","$16,043,570 ","$13,589,462 ",,84.70%,Central Connecticut,https://sportsdata.usatoday.com/ncaa/finances/128771
183,North Carolina Wilmington,https://sportsdata.usatoday.com/ncaa/finances/199218,CAA,"$15,989,714 ","$15,141,319 ","$11,694,838 ",,73.14%,North Carolina Wilmington,https://sportsdata.usatoday.com/ncaa/finances/199218
184,VMI,https://sportsdata.usatoday.com/ncaa/finances/234085,SoCon,"$15,960,931 ","$16,114,012 ","$7,216,829 ",,45.22%,VMI,https://sportsdata.usatoday.com/ncaa/finances/234085
185,Norfolk State,https://sportsdata.usatoday.com/ncaa/finances/232937,MEAC,"$15,929,886 ","$15,928,886 ","$12,301,575 ",,77.22%,Norfolk State,https://sportsdata.usatoday.com/ncaa/finances/232937
186,Tennessee State,https://sportsdata.usatoday.com/ncaa/finances/221838,OVC,"$15,883,556 ","$15,883,556 ","$12,899,140 ",,81.21%,Tennessee State,https://sportsdata.usatoday.com/ncaa/finances/221838
187,Radford,https://sportsdata.usatoday.com/ncaa/finances/233277,BigSou,"$15,848,430 ","$12,194,004 ","$12,981,106 ",,81.91%,Radford,https://sportsdata.usatoday.com/ncaa/finances/233277
188,Weber State,https://sportsdata.usatoday.com/ncaa/finances/230782,BigSky,"$15,842,365 ","$16,447,647 ","$10,221,299*",https://sportsdata.usatoday.com/ncaa/#,64.52%,Weber State,https://sportsdata.usatoday.com/ncaa/finances/230782
189,Southeastern Louisiana,https://sportsdata.usatoday.com/ncaa/finances/160612,SthLnd,"$14,876,169 ","$14,775,594 ","$8,114,007*",https://sportsdata.usatoday.com/ncaa/#,54.54%,Southeastern Louisiana,https://sportsdata.usatoday.com/ncaa/finances/160612
190,North Florida,https://sportsdata.usatoday.com/ncaa/finances/136172,Asun,"$14,783,497 ","$14,456,960 ","$9,553,475 ",,64.62%,North Florida,https://sportsdata.usatoday.com/ncaa/finances/136172
191,Texas A&M-Corpus Christi,https://sportsdata.usatoday.com/ncaa/finances/224147,SthLnd,"$14,616,970 ","$14,968,202 ","$11,834,539 ",,80.96%,Texas A&M-Corpus Christi,https://sportsdata.usatoday.com/ncaa/finances/224147
192,Alabama State,https://sportsdata.usatoday.com/ncaa/finances/100724,SWAC,"$14,550,273 ","$17,892,138 ","$9,439,916 ",,64.88%,Alabama State,https://sportsdata.usatoday.com/ncaa/finances/100724
193,Tennessee-Martin,https://sportsdata.usatoday.com/ncaa/finances/221768,OVC,"$14,461,961 ","$14,461,961 ","$9,977,973 ",,68.99%,Tennessee-Martin,https://sportsdata.usatoday.com/ncaa/finances/221768
194,Utah Tech,https://sportsdata.usatoday.com/ncaa/finances/230171,WAC,"$14,348,736 ","$13,987,957 ","$11,472,253 ",,79.95%,Utah Tech,https://sportsdata.usatoday.com/ncaa/finances/230171
195,Prairie View A&M,https://sportsdata.usatoday.com/ncaa/finances/227526,SWAC,"$14,322,177 ","$18,821,203 ","$10,870,710 ",,75.90%,Prairie View A&M,https://sportsdata.usatoday.com/ncaa/finances/227526
196,Cleveland State,https://sportsdata.usatoday.com/ncaa/finances/202134,Hor,"$14,140,486 ","$14,145,508 ","$11,726,254 ",,82.93%,Cleveland State,https://sportsdata.usatoday.com/ncaa/finances/202134
197,Alabama A&M,https://sportsdata.usatoday.com/ncaa/finances/100654,SWAC,"$14,006,086 ","$14,189,129 ","$12,660,512 ",,90.39%,Alabama A&M,https://sportsdata.usatoday.com/ncaa/finances/100654
198,North Alabama,https://sportsdata.usatoday.com/ncaa/finances/101879,Asun,"$13,788,806 ","$13,788,806 ","$10,373,112 ",,75.23%,North Alabama,https://sportsdata.usatoday.com/ncaa/finances/101879
199,Arkansas-Little Rock,https://sportsdata.usatoday.com/ncaa/finances/106245,OVC,"$13,734,051 ","$13,928,945 ","$10,073,398 ",,73.35%,Arkansas-Little Rock,https://sportsdata.usatoday.com/ncaa/finances/106245
200,McNeese State,https://sportsdata.usatoday.com/ncaa/finances/159717,SthLnd,"$13,623,100 ","$13,321,532 ","$6,899,234 ",,50.64%,McNeese State,https://sportsdata.usatoday.com/ncaa/finances/159717
201,Northwestern State La,https://sportsdata.usatoday.com/ncaa/finances/160038,SthLnd,"$13,505,438 ","$13,234,261 ","$9,203,843 ",,68.15%,Northwestern State La,https://sportsdata.usatoday.com/ncaa/finances/160038
202,Texas Southern,https://sportsdata.usatoday.com/ncaa/finances/229063,SWAC,"$13,362,715 ","$13,362,715 ","$9,639,506 ",,72.14%,Texas Southern,https://sportsdata.usatoday.com/ncaa/finances/229063
203,Purdue Fort Wayne,https://sportsdata.usatoday.com/ncaa/finances/151102,Hor,"$13,300,194 ","$13,062,826 ","$10,887,276 ",,81.86%,Purdue Fort Wayne,https://sportsdata.usatoday.com/ncaa/finances/151102
204,South Carolina State,https://sportsdata.usatoday.com/ncaa/finances/218733,MEAC,"$13,271,355 ","$7,857,836 ","$9,648,463 ",,72.70%,South Carolina State,https://sportsdata.usatoday.com/ncaa/finances/218733
205,Florida A&M,https://sportsdata.usatoday.com/ncaa/finances/133650,SWAC,"$13,172,315 ","$12,049,059 ","$7,880,718 ",,59.83%,Florida A&M,https://sportsdata.usatoday.com/ncaa/finances/133650
206,Eastern Washington,https://sportsdata.usatoday.com/ncaa/finances/235097,BigSky,"$12,886,340 ","$16,032,290 ","$8,994,686 ",,69.80%,Eastern Washington,https://sportsdata.usatoday.com/ncaa/finances/235097
207,Eastern Illinois,https://sportsdata.usatoday.com/ncaa/finances/144892,OVC,"$12,837,153 ","$14,551,286 ","$8,752,715 ",,68.18%,Eastern Illinois,https://sportsdata.usatoday.com/ncaa/finances/144892
208,Jackson State,https://sportsdata.usatoday.com/ncaa/finances/175856,SWAC,"$12,821,652 ","$12,637,183 ","$5,047,840 ",,39.37%,Jackson State,https://sportsdata.usatoday.com/ncaa/finances/175856
209,Southeast Missouri State,https://sportsdata.usatoday.com/ncaa/finances/179557,OVC,"$12,807,771 ","$12,807,770 ","$9,430,049*",https://sportsdata.usatoday.com/ncaa/#,73.63%,Southeast Missouri State,https://sportsdata.usatoday.com/ncaa/finances/179557
210,Missouri-Kansas City,https://sportsdata.usatoday.com/ncaa/finances/178402,Summit,"$12,337,892 ","$12,893,022 ","$10,036,067 ",,81.34%,Missouri-Kansas City,https://sportsdata.usatoday.com/ncaa/finances/178402
211,Longwood,https://sportsdata.usatoday.com/ncaa/finances/232566,BigSou,"$12,319,728 ","$12,023,800 ","$10,048,141 ",,81.56%,Longwood,https://sportsdata.usatoday.com/ncaa/finances/232566
212,Idaho State,https://sportsdata.usatoday.com/ncaa/finances/142276,BigSky,"$12,137,163 ","$15,447,714 ","$8,137,219 ",,67.04%,Idaho State,https://sportsdata.usatoday.com/ncaa/finances/142276
213,Morehead State,https://sportsdata.usatoday.com/ncaa/finances/157386,OVC,"$11,639,966 ","$11,639,966 ","$9,470,790 ",,81.36%,Morehead State,https://sportsdata.usatoday.com/ncaa/finances/157386
214,Winthrop,https://sportsdata.usatoday.com/ncaa/finances/218964,BigSou,"$11,409,622 ","$11,515,673 ","$9,485,007 ",,83.13%,Winthrop,https://sportsdata.usatoday.com/ncaa/finances/218964
215,Grambling State,https://sportsdata.usatoday.com/ncaa/finances/159009,SWAC,"$11,378,552 ","$12,334,219 ","$8,410,793 ",,73.92%,Grambling State,https://sportsdata.usatoday.com/ncaa/finances/159009
216,North Carolina Central,https://sportsdata.usatoday.com/ncaa/finances/199157,MEAC,"$11,339,477 ","$11,339,477 ","$8,680,735 ",,76.55%,North Carolina Central,https://sportsdata.usatoday.com/ncaa/finances/199157
217,Southern Illinois Edwardsville,https://sportsdata.usatoday.com/ncaa/finances/149231,OVC,"$11,204,485 ","$11,106,055 ","$8,456,207 ",,75.47%,Southern Illinois Edwardsville,https://sportsdata.usatoday.com/ncaa/finances/149231
218,Morgan State,https://sportsdata.usatoday.com/ncaa/finances/163453,MEAC,"$11,126,282 ","$14,924,648 ","$9,182,589*",https://sportsdata.usatoday.com/ncaa/#,82.53%,Morgan State,https://sportsdata.usatoday.com/ncaa/finances/163453
219,Wright State,https://sportsdata.usatoday.com/ncaa/finances/206604,Hor,"$11,046,655 ","$10,698,961 ","$8,508,660 ",,77.02%,Wright State,https://sportsdata.usatoday.com/ncaa/finances/206604
220,Nicholls State,https://sportsdata.usatoday.com/ncaa/finances/159966,SthLnd,"$10,961,304 ","$11,164,752 ","$6,619,997 ",,60.39%,Nicholls State,https://sportsdata.usatoday.com/ncaa/finances/159966
221,Indiana-Purdue Indianapolis,https://sportsdata.usatoday.com/ncaa/finances/151111,Hor,"$10,289,130 ","$10,281,924 ","$8,989,403*",https://sportsdata.usatoday.com/ncaa/#,87.37%,Indiana-Purdue Indianapolis,https://sportsdata.usatoday.com/ncaa/finances/151111
222,Western Illinois,https://sportsdata.usatoday.com/ncaa/finances/149772,Summit,"$10,066,267 ","$11,703,844 ","$7,225,534 ",,71.78%,Western Illinois,https://sportsdata.usatoday.com/ncaa/finances/149772
223,Wisconsin-Green Bay,https://sportsdata.usatoday.com/ncaa/finances/240277,Hor,"$9,500,254 ","$8,898,030 ","$6,220,222*",https://sportsdata.usatoday.com/ncaa/#,65.47%,Wisconsin-Green Bay,https://sportsdata.usatoday.com/ncaa/finances/240277
224,South Carolina Upstate,https://sportsdata.usatoday.com/ncaa/finances/218742,BigSou,"$8,941,784 ","$8,946,029 ","$7,710,628 ",,86.23%,South Carolina Upstate,https://sportsdata.usatoday.com/ncaa/finances/218742
225,North Carolina Asheville,https://sportsdata.usatoday.com/ncaa/finances/199111,BigSou,"$8,720,475 ","$8,884,929 ","$6,158,701 ",,70.62%,North Carolina Asheville,https://sportsdata.usatoday.com/ncaa/finances/199111
226,Arkansas-Pine Bluff,https://sportsdata.usatoday.com/ncaa/finances/106412,SWAC,"$8,650,669 ","$8,689,626 ","$4,397,206 ",,50.83%,Arkansas-Pine Bluff,https://sportsdata.usatoday.com/ncaa/finances/106412
227,Chicago State,https://sportsdata.usatoday.com/ncaa/finances/144005,Ind,"$8,001,394 ","$8,398,712 ","$7,468,157 ",,93.34%,Chicago State,https://sportsdata.usatoday.com/ncaa/finances/144005
228,Maryland-Eastern Shore,https://sportsdata.usatoday.com/ncaa/finances/163338,MEAC,"$7,875,993 ","$7,875,993 ","$6,409,243 ",,81.38%,Maryland-Eastern Shore,https://sportsdata.usatoday.com/ncaa/finances/163338
229,Alcorn State,https://sportsdata.usatoday.com/ncaa/finances/175342,SWAC,"$6,159,503 ","$6,863,951 ","$3,241,371 ",,52.62%,Alcorn State,https://sportsdata.usatoday.com/ncaa/finances/175342
230,Coppin State,https://sportsdata.usatoday.com/ncaa/finances/162283,MEAC,"$4,091,289 ","$5,254,060 ","$2,365,932 ",,57.83%,Coppin State,https://sportsdata.usatoday.com/ncaa/finances/162283
231,Mississippi Valley State,https://sportsdata.usatoday.com/ncaa/finances/176044,SWAC,"$4,040,925 ","$4,040,925 ","$2,399,030 ",,59.37%,Mississippi Valley State,https://sportsdata.usatoday.com/ncaa/finances/176044
232,New Orleans,https://sportsdata.usatoday.com/ncaa/finances/159939,SthLnd,"$2,526,887 ","$4,810,778 ","$972,706*",https://sportsdata.usatoday.com/ncaa/#,38.49%,New Orleans,https://sportsdata.usatoday.com/ncaa/finances/159939
